name,positions,overall_rating,value_euro,preferred_foot,weak_foot(1-5),national_team,national_jersey_number,height_weight_ratio,winger_ability,striker_ability,midfielder_ability,speed,mental_physical_strength,defensive_ability,set_pieces
L. Messi,52,94,110500000.0,0,4,3,10.0,2.360332871012483,47.75,268.8,92.8,91.25,75.4,60.625,84.5
C. Eriksen,21,88,69500000.0,1,5,26,10.0,2.033333333333333,45.0,240.0,89.6,79.25,73.0,66.25,77.0
P. Pogba,56,88,73000000.0,1,4,35,6.0,2.270560190703218,44.25,252.8,87.8,77.0,81.2,73.625,82.0
L. Insigne,111,88,62000000.0,1,4,44,10.0,2.7552542372881357,46.0,229.8,86.0,89.25,65.8,56.875,69.0
V. van Dijk,29,88,59500000.0,1,3,52,4.0,2.095982627578719,31.75,191.8,71.2,74.75,77.0,64.375,66.0
K. Mbappé,155,88,81000000.0,1,4,35,10.0,2.0876712328767124,44.25,251.5,81.0,92.75,77.0,61.25,66.5
S. Agüero,160,89,64500000.0,1,4,3,11.0,2.470958512160229,41.75,267.1,79.8,86.0,79.0,56.75,78.0
M. Neuer,72,89,38000000.0,1,4,36,1.0,2.095982627578719,11.75,58.7,48.8,62.25,51.4,14.5,29.0
E. Cavani,160,89,60000000.0,1,4,82,21.0,2.404928664072633,39.0,272.3,73.2,79.75,79.0,69.5,80.5
Sergio Busquets,44,89,51500000.0,1,3,74,5.0,2.466666666666667,37.0,192.1,82.4,63.75,78.6,81.375,64.0
T. Courtois,72,89,53500000.0,0,2,7,1.0,2.0594594594594593,7.25,59.3,30.8,60.75,48.4,15.125,23.5
M. ter Stegen,72,89,58000000.0,1,4,36,22.0,2.216509433962264,9.25,48.9,39.0,52.75,53.8,14.25,18.5
A. Griezmann,53,89,78000000.0,0,3,35,7.0,2.400821917808219,44.25,266.5,84.6,88.25,78.4,71.75,83.5
M. Salah,154,89,78500000.0,0,3,29,10.0,2.4615168539325842,43.75,246.8,82.4,92.0,79.2,68.125,67.5
P. Dybala,25,89,89000000.0,0,3,3,21.0,2.037433155080214,45.5,254.5,85.8,86.75,72.4,53.875,87.0
J. Vertonghen,29,87,34000000.0,0,3,7,5.0,2.180510440835267,37.25,205.5,72.2,68.0,76.2,74.125,69.5
D. Mertens,53,87,45000000.0,1,4,7,14.0,2.7990131578947373,44.0,225.5,82.0,90.0,69.8,61.125,79.0
T. Alderweireld,29,87,44000000.0,1,3,7,2.0,2.2834975369458124,32.5,191.4,73.8,69.0,74.0,73.25,63.5
Jordi Alba,73,87,38000000.0,0,3,74,18.0,2.5026470588235297,43.25,214.6,79.6,89.75,79.2,80.75,61.0
Thiago,57,87,51500000.0,1,3,74,19.0,2.5072961373390554,43.0,231.0,87.6,80.75,72.2,74.875,76.0
C. Immobile,160,87,52000000.0,1,4,44,17.0,2.186556603773585,36.0,265.2,68.2,81.75,75.4,62.875,64.5
Isco,8,87,62500000.0,1,3,74,22.0,2.221292775665399,44.25,221.9,87.2,77.0,72.6,68.875,76.0
M. Icardi,160,87,64500000.0,1,4,3,9.0,2.0713903743315507,32.25,265.9,66.0,79.75,72.4,59.875,63.5
Kepa,72,84,31000000.0,1,4,74,13.0,2.186556603773585,9.25,57.1,32.8,46.75,41.6,16.75,21.5
T. Werner,160,84,40000000.0,1,4,36,9.0,2.0713903743315507,39.5,248.8,68.0,88.25,72.0,56.875,64.0
N. Süle,29,84,36500000.0,1,3,36,15.0,2.0142121524201855,19.0,154.8,52.4,62.0,69.2,54.625,31.0
Bruno Fernandes,3,84,40500000.0,1,3,75,8.0,2.2119013062409287,43.75,243.2,85.4,79.0,77.2,73.0,83.5
J. Giménez,29,84,34000000.0,1,3,82,2.0,2.3235588972431076,24.5,155.0,49.0,67.75,71.4,55.25,41.0
D. Sánchez,29,84,34000000.0,1,3,21,23.0,2.382256020278834,25.75,153.3,59.2,72.75,75.2,59.375,35.5
Marco Asensio,108,84,41500000.0,0,3,74,10.0,2.4,43.75,241.8,82.8,82.0,68.2,61.75,69.0
O. Dembélé,148,84,46000000.0,0,5,35,11.0,2.2712369597615503,45.0,223.4,79.6,89.75,69.8,57.125,69.5
Jorginho,55,83,30000000.0,1,3,44,8.0,2.309090909090909,40.75,198.3,84.6,72.5,75.2,69.625,80.0
S. Gnabry,95,83,34000000.0,1,4,36,6.0,2.3430481283422457,42.25,234.4,73.6,87.25,72.2,62.0,65.0
William Carvalho,44,83,27000000.0,1,4,60,14.0,2.264578313253012,38.0,190.9,81.0,63.75,79.0,71.125,55.0
Y. Carrasco,81,83,33000000.0,1,4,25,10.0,2.1224657534246574,43.5,226.8,77.4,86.75,68.0,58.125,76.0
Q. Promes,99,83,28000000.0,1,4,52,9.0,2.4307905686546465,43.25,237.7,77.8,87.5,72.2,55.875,75.0
L. Goretzka,57,83,34000000.0,1,4,36,14.0,2.382256020278834,40.5,236.4,80.8,80.75,77.6,77.5,67.5
João Cancelo,114,83,29500000.0,1,3,60,2.0,2.4746955345060893,44.75,211.3,79.0,85.75,76.0,78.25,57.5
T. Lemar,85,83,35500000.0,0,2,35,8.0,2.7404186795491143,44.0,227.1,82.8,84.0,74.2,69.375,74.5
J. Tah,29,82,25000000.0,1,4,36,20.0,2.0142121524201855,23.5,117.2,59.6,67.5,70.2,54.875,32.5
Pau López,72,82,21500000.0,0,3,74,23.0,2.4378728923476007,11.0,62.1,36.0,52.75,50.4,18.25,23.0
H. Lozano,148,82,29500000.0,1,4,47,22.0,2.5072961373390554,41.75,226.7,73.8,90.0,71.2,57.875,64.5
L. Torreira,44,82,25000000.0,1,3,82,14.0,2.619375,39.5,200.7,77.0,79.75,81.6,73.875,63.0
Gonçalo Guedes,100,82,29000000.0,1,4,60,17.0,2.2411764705882353,43.0,227.0,76.0,86.0,72.4,55.75,69.5
F. de Jong,63,82,31000000.0,1,3,52,7.0,2.2165951359084404,42.25,193.1,84.8,81.25,74.2,69.25,54.5
Raphaelito Anjos,72,82,14000000.0,1,2,9,1.0,2.2464622641509435,5.25,47.7,27.0,49.75,50.0,22.625,16.0
Juiano Mestres,30,82,6500000.0,1,3,9,3.0,1.88721071863581,26.0,206.6,62.2,70.25,74.8,70.0,60.0
Rosberto Dourado,44,82,16500000.0,1,4,9,13.0,2.5072961373390554,35.5,182.8,73.4,78.25,79.4,70.375,67.0
Rodri,60,82,29000000.0,1,3,74,16.0,2.320341047503045,37.0,216.4,78.8,71.25,75.0,75.625,50.0
J. Henderson,44,82,18000000.0,1,3,30,8.0,2.2917293233082705,40.0,221.4,82.2,70.25,77.6,76.5,69.0
M. Arnautović,160,82,22000000.0,1,4,5,7.0,2.3257831325301206,42.5,243.2,78.6,77.25,78.6,63.25,74.5
S. Giovinco,53,82,20000000.0,1,4,1,9.0,2.673684210526316,41.5,218.9,82.0,86.25,73.4,54.75,83.0
G. Sigurðsson,0,82,22500000.0,1,4,41,10.0,2.404928664072633,43.0,236.8,84.6,64.75,71.8,67.5,82.5
P. Gulácsi,72,82,18000000.0,1,2,40,1.0,2.239443155452436,9.25,51.2,26.6,50.5,46.4,16.0,17.5
K. Trippier,130,82,18500000.0,1,4,30,12.0,2.1137309292649102,43.0,204.8,81.0,76.25,74.0,77.125,74.5
A. Ramsey,61,82,23000000.0,1,3,85,10.0,2.4,40.5,231.6,79.0,72.0,76.8,76.0,70.5
M. Sabitzer,3,81,22500000.0,1,4,5,9.0,1.9766536964980548,38.75,238.0,76.0,80.0,76.8,67.875,64.0
M. Ginter,30,81,18500000.0,1,3,36,4.0,2.264578313253012,33.5,190.5,66.6,64.5,69.0,68.0,54.5
J. Brandt,94,81,25000000.0,1,4,36,10.0,2.210011918951132,43.0,216.8,77.6,81.0,66.2,52.875,56.5
S. Bergwijn,108,80,20500000.0,1,2,52,22.0,1.953846153846154,42.0,219.6,72.8,81.75,73.2,55.25,62.5
A. Onana,72,80,14500000.0,1,3,12,1.0,2.0210752688172042,10.75,55.0,37.8,68.0,49.0,12.875,22.0
Everton Andrão,44,80,4500000.0,1,4,9,6.0,2.037433155080214,38.5,189.2,70.2,73.25,77.2,66.625,67.0
Welington Dano,77,80,10500000.0,0,4,9,5.0,2.2119013062409287,41.75,180.6,77.0,80.25,77.8,74.125,56.5
T. Ndombele,60,80,22500000.0,1,3,35,17.0,2.033333333333333,40.25,203.3,78.4,80.75,81.0,70.125,61.5
M. Gómez,160,80,20500000.0,1,3,82,18.0,2.210011918951132,35.0,247.3,67.8,62.0,69.2,53.875,60.0
S. Aurier,130,80,15500000.0,1,3,24,17.0,2.3,41.25,197.9,73.8,77.75,77.6,75.625,47.0
M. Ryan,72,80,13000000.0,1,4,4,1.0,2.2275274056029235,9.5,59.3,40.0,57.75,50.4,13.75,18.5
V. Aboubakar,160,80,17500000.0,1,3,32,9.0,2.2275274056029235,37.0,244.8,76.8,76.75,78.6,54.875,71.5
C. Tătăruşanu,72,80,8500000.0,1,3,66,12.0,2.268909512761021,7.75,46.6,30.4,55.5,46.2,14.625,13.5
E. Dier,42,80,16500000.0,1,3,30,4.0,2.093095768374165,34.0,203.7,70.4,65.0,74.6,67.375,72.0
J. Butland,72,80,14000000.0,1,3,30,13.0,2.0630801687763713,8.5,56.6,31.6,60.25,54.2,17.25,28.0
I. Akinfeev,72,80,8500000.0,1,3,67,1.0,2.377179487179487,9.0,50.7,29.0,56.25,48.6,13.125,11.5
A. Januzaj,152,79,17500000.0,0,4,7,23.0,2.433333333333333,43.75,206.6,79.0,80.25,62.6,51.75,62.5
J. Hector,76,79,10000000.0,0,3,36,3.0,2.4788770053475937,39.75,191.1,73.2,74.75,74.8,70.375,65.0
R. Zobnin,46,79,15000000.0,1,3,67,8.0,2.4449197860962566,39.75,199.3,75.8,75.25,73.0,70.875,61.0
J. Lerma,44,79,14000000.0,1,4,21,2.0,2.180257510729614,35.25,204.4,72.8,74.25,77.6,69.0,61.5
J. Guðmundsson,134,79,13000000.0,0,4,41,7.0,1.9766536964980548,42.25,225.8,77.8,77.25,74.4,67.0,73.5
G. Medel,41,79,9500000.0,1,4,14,17.0,2.6221879815100153,29.75,177.7,65.2,75.0,85.2,68.375,51.5
A. Finnbogason,160,79,12500000.0,1,4,41,11.0,2.2917293233082705,29.5,242.1,68.2,71.0,73.4,57.5,70.0
A. Young,119,79,7000000.0,1,3,30,18.0,2.7004622496147914,42.0,205.5,77.0,76.5,75.0,72.25,67.5
R. Babel,101,79,11000000.0,1,3,52,11.0,2.186556603773585,40.5,237.7,73.6,78.25,72.2,53.75,60.0
M. Elyounoussi,85,78,14000000.0,1,4,55,13.0,2.180257510729614,40.5,221.1,75.8,78.25,68.2,54.375,64.0
J. Farfán,143,78,6500000.0,1,3,58,10.0,1.8164481525625744,40.0,225.6,76.8,80.0,73.8,53.5,77.0
J. Baumgartlinger,39,78,7500000.0,1,3,5,14.0,2.1215777262180975,33.0,174.0,67.4,69.5,77.8,69.875,54.0
G. Maripán,29,77,10000000.0,1,2,14,6.0,2.3257831325301206,21.25,127.8,46.6,49.0,64.8,52.25,23.5
G. Pereiro,25,77,12000000.0,0,2,82,10.0,2.466666666666667,39.5,230.0,75.8,73.75,66.2,55.25,71.5
Simão Acunha,28,77,8500000.0,1,2,9,20.0,2.140449438202247,39.5,207.9,79.4,79.75,66.0,49.625,64.0
M. Elneny,44,77,9000000.0,1,3,29,17.0,2.0966170500676586,35.0,187.4,74.0,64.5,74.4,68.75,59.0
T. Vermaelen,32,77,5000000.0,0,3,7,3.0,2.2917293233082705,30.5,197.0,66.8,65.5,67.2,58.5,63.0
L. Schøne,60,77,6500000.0,1,3,26,19.0,1.953846153846154,40.75,228.2,81.4,61.25,67.0,63.75,81.0
K. Lasagna,160,77,11500000.0,0,3,44,9.0,2.3235588972431076,35.5,228.6,63.8,83.5,64.8,51.75,54.0
P. Jansson,29,77,8500000.0,1,3,76,16.0,2.268909512761021,24.25,150.4,58.4,61.25,68.2,52.125,39.5
K. Tete,130,77,10000000.0,1,3,52,2.0,2.1761235955056177,35.25,164.2,64.0,72.75,75.4,69.5,40.0
J. Lössl,72,76,6000000.0,1,2,26,16.0,2.2225,7.75,48.6,32.0,41.75,39.0,13.5,12.5
M. Phillips,10,76,8000000.0,1,4,71,18.0,2.4449197860962566,41.75,205.9,72.0,80.25,67.6,55.5,54.5
A. Hutchinson,44,76,1800000.0,1,4,13,13.0,2.264578313253012,36.5,203.7,72.0,69.0,74.0,68.75,69.5
H. Seferović,160,76,9000000.0,0,3,69,14.0,2.216509433962264,35.75,234.0,67.2,69.25,74.2,58.75,66.0
A. Szalai,160,76,7500000.0,1,3,40,9.0,2.149665924276169,31.0,234.4,63.6,57.5,72.0,54.75,59.0
L. Skorupski,72,76,6500000.0,1,2,59,12.0,2.240286054827175,9.75,50.3,24.4,54.5,43.6,13.875,20.5
Y. Yazıcı,9,76,11000000.0,0,4,79,11.0,2.4746955345060893,40.75,222.5,75.6,72.25,71.8,59.125,68.0
F. Valverde,66,76,13000000.0,1,3,82,5.0,2.3446153846153845,31.5,190.4,73.2,70.0,68.6,64.0,45.0
D. Brooks,132,75,11500000.0,0,3,85,13.0,2.944927536231884,38.5,182.9,71.6,77.75,64.4,50.625,53.0
S. Vokes,160,75,7000000.0,1,3,85,9.0,2.093095768374165,32.0,238.4,67.0,57.75,74.4,57.875,62.5
O. Norwood,55,75,7000000.0,1,3,54,16.0,2.543686502177068,35.0,203.4,76.8,63.25,67.6,65.25,72.5
R. Quaison,54,75,8500000.0,1,3,76,20.0,2.3719844357976654,38.25,216.5,70.6,76.25,71.0,64.125,57.5
P. Dummett,73,75,6500000.0,0,2,85,3.0,2.2275274056029235,33.0,147.5,62.6,67.25,73.4,67.0,47.5
D. Valdés,3,75,8500000.0,1,3,70,10.0,2.037433155080214,37.25,213.3,73.6,75.75,69.6,61.125,61.0
R. Thomas,55,75,9000000.0,1,4,53,14.0,2.7384375,37.5,173.9,74.0,75.75,72.2,63.25,63.0
I. Kahveci,6,75,9000000.0,0,4,79,23.0,2.6119225037257827,38.25,199.3,75.8,75.0,71.2,59.0,64.5
M. Isla,117,75,4800000.0,1,3,14,4.0,2.3430481283422457,39.75,185.6,73.2,78.25,75.4,71.875,66.0
W. McKennie,62,75,10500000.0,1,3,80,8.0,2.210011918951132,34.0,205.5,69.6,69.0,76.6,73.5,56.5
O. Murillo,29,75,4900000.0,0,4,56,23.0,2.2033734939759038,27.25,131.5,52.2,65.5,67.6,51.125,29.5
F. Kainz,86,75,8000000.0,1,5,5,17.0,2.4615168539325842,40.0,198.0,71.0,79.75,62.4,50.25,64.5
M. Leckie,135,75,7000000.0,1,4,4,7.0,1.88721071863581,39.5,218.2,66.8,81.25,73.0,62.125,52.5
F. Midtsjø,60,74,7000000.0,1,3,55,8.0,2.5072961373390554,35.75,201.0,72.4,75.25,78.8,67.5,53.0
E. Roco,29,74,6000000.0,1,3,14,3.0,2.4466413181242075,24.75,145.3,53.6,52.5,65.6,57.5,32.5
J. Svensson,117,74,6000000.0,1,3,55,16.0,2.434620886981402,38.25,194.8,69.0,75.25,80.8,69.75,51.0
R. Berić,160,74,6500000.0,1,3,72,18.0,2.264578313253012,31.25,228.6,68.8,61.5,68.0,56.625,63.5
J. Kopic,93,74,5500000.0,1,4,23,13.0,1.9637515842839035,39.0,204.9,69.6,75.0,65.8,53.625,63.5
E. Mena,73,74,4300000.0,0,3,63,5.0,2.337212449255751,37.5,161.9,66.2,75.75,73.0,71.125,49.5
G. Shinnie,48,74,5500000.0,0,4,71,15.0,2.4307905686546465,34.5,160.4,67.0,76.75,81.4,66.75,53.5
J. Stryger Larsen,115,74,4600000.0,1,3,26,17.0,2.2275274056029235,36.0,182.8,63.2,75.25,73.2,64.75,49.0
A. Ulmer,73,74,3100000.0,0,3,33,17.0,2.543686502177068,37.25,206.2,69.4,71.5,73.4,72.25,48.0
L. Cavallini,160,74,7000000.0,0,3,61,9.0,2.057142857142857,28.0,220.3,54.2,69.5,74.6,50.0,61.0
D. Kourmpelis,41,74,6500000.0,1,3,38,16.0,2.0966170500676586,31.5,151.0,64.2,69.5,74.0,54.375,53.5
J. Beausejour,73,74,1600000.0,0,2,81,15.0,1.836144578313253,37.5,196.8,68.6,80.75,76.6,72.375,67.5
J. Błaszczykowski,139,74,4400000.0,1,4,59,16.0,2.6119225037257827,38.75,208.3,73.6,72.25,71.4,66.375,68.5
C. Söyüncü,29,74,7000000.0,1,4,79,6.0,2.258465286236297,26.75,157.8,51.6,67.75,68.6,58.625,44.5
S. Grytebust,72,74,4500000.0,1,2,55,22.0,2.258465286236297,6.75,44.4,31.0,50.25,45.4,12.875,17.5
S. Özbayraklı,114,74,4400000.0,1,2,79,2.0,2.3901685393258427,38.5,197.4,70.2,78.0,73.2,67.75,39.5
M. Degenek,29,74,7000000.0,1,4,1,45.0,2.2894031668696715,33.0,196.6,69.2,77.0,79.6,63.25,51.0
I. Fossum,57,73,5500000.0,1,4,55,15.0,2.1224657534246574,34.5,200.1,71.6,71.75,72.2,66.625,53.5
M. Bolaños,26,73,4000000.0,1,3,19,23.0,2.6590625,35.5,202.2,67.0,77.25,65.6,48.125,58.5
J. Bořil,119,73,3300000.0,1,4,23,18.0,2.3430481283422457,35.5,175.2,61.4,74.0,76.4,65.125,37.0
A. Maxim,6,73,4200000.0,1,4,66,10.0,2.0876712328767124,40.0,195.2,73.8,72.25,62.4,48.875,72.0
A. Mina,29,73,3800000.0,1,3,28,2.0,2.270560190703218,23.5,137.6,51.4,51.5,63.0,54.375,43.0
M. Tekdemir,41,73,3000000.0,1,2,79,14.0,2.2411764705882353,32.5,188.2,65.4,66.5,73.0,62.5,49.0
K. Johnsson,72,73,3200000.0,1,2,76,12.0,2.240286054827175,7.25,57.6,29.4,51.75,47.4,15.625,14.0
M. Linnes,119,73,3400000.0,1,3,55,17.0,2.1137309292649102,36.5,178.1,66.2,80.75,68.6,67.75,39.5
D. Randolph,72,73,2400000.0,1,3,64,23.0,2.4097435897435897,6.75,59.6,30.0,52.0,39.8,13.125,22.0
C. Roldan,47,73,4700000.0,1,3,80,23.0,2.309090909090909,35.5,195.8,70.0,71.75,77.6,68.5,50.5
V. Coufal,114,73,4100000.0,1,2,23,20.0,2.3430481283422457,37.5,140.6,59.2,73.75,74.2,65.75,36.5
G. McAuley,29,72,425000.0,1,3,54,4.0,2.142857142857143,20.5,142.7,51.0,41.0,57.2,58.625,41.0
W. Zimmerman,29,72,3400000.0,1,3,80,5.0,2.142857142857143,21.25,169.8,53.2,58.75,69.6,57.875,47.0
M. Gavranović,162,72,3200000.0,1,4,77,18.0,2.3,32.25,211.3,61.8,77.25,64.8,57.25,61.5
O. McBurnie,168,72,4600000.0,1,2,71,19.0,2.470817120622568,29.0,210.4,55.4,66.25,68.4,49.625,47.0
M. Møller Dæhli,85,72,4200000.0,1,3,55,20.0,2.140449438202247,38.0,150.7,69.0,77.0,57.0,43.125,58.5
D. Kądzior,131,72,3700000.0,0,2,59,17.0,2.3715832205683354,39.75,182.4,72.2,76.25,65.2,52.0,62.5
R. Kruse,134,72,3000000.0,1,2,4,10.0,2.180257510729614,36.0,208.5,67.2,77.25,63.4,57.125,59.5
J. Güemez,44,72,3000000.0,1,3,62,6.0,2.337212449255751,34.0,202.8,69.0,66.25,77.2,67.0,54.5
J. Jones,90,72,4300000.0,1,3,54,15.0,2.8825657894736842,38.5,162.8,65.4,79.25,61.2,50.125,60.0
L. Phiri,60,72,4200000.0,1,3,73,6.0,2.7415873015873014,35.5,184.0,71.4,74.75,71.8,65.625,57.5
R. Alvarado,94,72,4200000.0,0,5,22,25.0,2.5072961373390554,37.5,190.7,69.4,73.5,63.2,61.375,60.5
A. Preciado,105,71,3100000.0,0,3,70,18.0,2.5685393258426963,37.25,220.3,65.8,78.5,62.0,45.375,69.5
S. Tecl,172,71,2500000.0,1,2,23,7.0,1.88721071863581,32.75,205.7,56.6,75.0,67.8,51.375,56.0
M. Lustig,115,71,1600000.0,1,3,76,2.0,2.4097435897435897,34.5,183.6,67.2,56.5,69.0,59.0,36.5
D. Lenihan,29,71,2600000.0,1,3,64,15.0,2.466666666666667,27.0,155.8,53.0,60.0,68.4,59.5,42.5
R. Keogh,29,71,1600000.0,1,3,64,20.0,2.157979334098737,30.75,125.7,57.2,58.25,69.6,60.25,34.0
D. von Ballmoos,72,71,2600000.0,1,3,6,26.0,2.149665924276169,8.75,59.1,27.2,51.5,48.0,16.75,20.5
R. Mphahlele,116,71,1900000.0,1,3,73,22.0,2.3235588972431076,34.5,135.8,59.4,66.0,65.2,66.0,39.0
K. Lafferty,167,71,2300000.0,1,4,54,10.0,2.1936363636363634,32.0,223.0,59.6,67.0,74.2,48.125,74.5
J. Böðvarsson,160,70,2200000.0,1,4,41,22.0,2.2464622641509435,33.0,205.1,64.2,68.75,67.8,51.625,59.0
S. Maguire,167,71,3400000.0,1,3,64,10.0,2.5773529411764704,31.75,199.0,53.4,84.0,69.0,52.5,49.5
K. Hämäläinen,82,70,1600000.0,1,3,34,21.0,2.543437077131258,32.5,217.1,68.8,73.25,64.6,60.5,48.0
K. Barbarouses,172,70,1800000.0,1,3,46,9.0,2.5026470588235297,34.75,202.1,63.2,83.25,69.4,49.625,49.5
W. Grigg,160,70,2100000.0,1,3,54,9.0,2.2165951359084404,25.25,215.7,51.0,72.75,70.0,49.625,61.0
B. Meling,76,70,2000000.0,0,3,55,2.0,2.69875,34.25,147.4,62.4,75.75,70.4,66.875,47.0
J. Brabec,29,70,1900000.0,1,3,23,22.0,2.264578313253012,28.5,173.9,57.2,58.75,66.2,60.625,39.0
S. Morsy,44,70,1700000.0,1,3,29,5.0,2.309090909090909,31.75,172.5,62.0,70.75,77.0,62.375,49.5
T. Carson,72,70,1100000.0,1,2,54,12.0,2.186556603773585,9.0,55.5,23.2,56.5,53.0,15.875,21.0
A. Jędrzejczyk,120,70,1300000.0,1,3,59,21.0,2.4097435897435897,34.75,174.5,59.0,68.0,70.8,60.25,34.0
J. Roa,71,70,2100000.0,1,2,43,17.0,2.5740685543964235,34.5,174.8,62.4,73.0,77.0,69.5,35.5
A. Montero,72,70,2100000.0,1,3,27,31.0,2.306367924528302,9.5,61.5,26.4,45.75,45.4,17.75,19.5
S. McKenna,29,70,3100000.0,0,3,71,5.0,2.355388471177945,21.25,110.6,41.4,51.25,72.0,41.375,37.5
N. McGinn,93,70,1700000.0,1,5,54,7.0,2.0876712328767124,36.25,197.8,65.4,76.75,69.8,48.0,70.0
F. Ondoa,72,70,1800000.0,1,2,12,16.0,2.0648106904231627,8.0,54.7,30.2,58.0,43.0,14.125,21.5
O. Kolář,72,70,1800000.0,1,3,23,23.0,2.3773399014778325,10.0,29.8,29.8,52.0,30.8,9.25,14.5
T. Sparv,60,70,1500000.0,0,2,34,14.0,2.3008343265792606,30.25,177.5,68.0,56.0,73.0,65.25,51.0
C. Mepham,29,70,2400000.0,1,3,85,20.0,2.5467914438502675,22.25,101.9,52.8,61.5,67.2,49.125,36.5
Y. Reyna,161,70,2400000.0,1,4,58,9.0,2.5026470588235297,33.0,200.8,67.0,80.5,66.2,48.875,61.0
E. Ersoy,36,70,2500000.0,1,3,79,21.0,2.2894031668696715,20.0,120.2,47.8,59.75,66.4,48.875,31.0
V. Lampropoulos,29,70,1400000.0,1,2,38,3.0,2.2339759036144575,27.75,145.8,50.8,67.0,66.0,56.25,40.0
S. Bain,72,70,1600000.0,1,3,71,12.0,1.8467222884386172,7.75,55.7,28.8,49.75,49.2,16.375,20.0
J. Joronen,72,70,1600000.0,0,2,34,12.0,2.2285714285714286,8.25,48.2,19.0,43.5,43.0,15.5,13.0
L. Abram,29,70,2400000.0,0,3,84,29.0,2.033333333333333,21.0,118.8,45.2,62.75,63.6,53.0,29.5
P. McNair,45,70,2300000.0,1,3,54,17.0,2.5364771151178918,28.75,183.8,62.4,63.5,68.4,65.0,39.5
J. David,164,70,3700000.0,1,4,13,19.0,1.9766536964980548,29.75,207.8,58.0,75.75,58.6,41.75,46.0
S. Fletcher,160,70,1600000.0,0,2,71,9.0,2.433333333333333,31.25,220.6,59.0,61.75,64.6,47.25,52.0
J. Murillo,143,70,2700000.0,1,3,11,14.0,2.5706948640483382,32.5,198.9,61.2,87.75,59.6,46.125,52.0
J. Lewis,73,70,2800000.0,0,3,54,11.0,2.180257510729614,34.5,163.2,60.8,72.5,69.2,68.125,39.0
D. Sow,55,70,2800000.0,1,4,6,8.0,2.3719844357976654,34.5,184.4,68.8,71.25,67.2,61.75,51.0
R. Rúnarsson,72,70,2000000.0,1,2,41,13.0,2.433333333333333,8.25,51.4,23.8,48.75,43.4,15.25,18.0
A. Mabil,144,70,2600000.0,1,3,4,21.0,2.0876712328767124,37.75,160.1,60.2,83.75,56.2,45.625,56.5
P. Arajuuri,29,70,1300000.0,1,2,34,2.0,2.095982627578719,17.5,125.2,48.2,45.25,69.8,48.0,25.0
B. Cortés,72,70,2200000.0,1,3,20,12.0,2.3500633713561467,11.0,62.9,26.0,50.0,53.2,18.625,16.5
A. Elmohamady,125,70,1300000.0,1,3,29,3.0,2.3446153846153845,36.5,207.1,70.8,72.5,69.0,66.75,64.0
S. Popov,114,70,1500000.0,1,3,10,2.0,2.404928664072633,35.5,192.8,63.6,67.0,64.8,67.125,47.5
L. Krajnc,29,71,2400000.0,0,2,72,5.0,2.180510440835267,29.5,131.2,53.6,62.0,69.0,57.625,35.0
V. Angban,60,71,3600000.0,1,4,24,6.0,2.0713903743315507,33.75,158.6,70.4,64.75,74.8,59.875,43.0
C. O'Dowda,93,71,3300000.0,0,2,64,8.0,2.0713903743315507,37.0,180.7,62.4,79.5,62.8,47.625,57.5
L. Stulac,39,71,3000000.0,1,3,72,15.0,2.5072961373390554,31.0,202.4,70.8,70.0,68.6,65.75,58.0
R. Lod,85,71,3000000.0,0,4,34,7.0,2.033333333333333,36.0,210.0,69.8,70.75,64.2,58.875,60.0
B. Özcan,13,71,3400000.0,1,4,79,20.0,1.9637515842839035,37.25,161.1,68.8,69.75,65.0,48.5,51.5
M. Rohdén,70,71,2400000.0,1,4,76,19.0,2.4,33.5,196.6,68.4,73.0,79.6,63.375,57.5
J. Osorio,59,71,2800000.0,1,4,13,21.0,2.400821917808219,34.5,194.4,69.2,71.5,70.2,62.0,59.0
A. Domínguez,72,71,1400000.0,1,3,84,22.0,2.331108462455304,8.5,54.5,30.0,43.25,44.6,16.625,14.5
S. McTominay,60,71,3800000.0,1,3,71,17.0,2.1936363636363634,34.25,194.6,68.2,64.5,70.0,65.5,46.5
A. Bouchalakis,60,71,2800000.0,0,4,38,6.0,2.240286054827175,34.25,208.5,71.0,65.25,68.6,63.625,66.0
J. Irvine,4,71,3100000.0,1,3,4,22.0,2.68898426323319,33.5,213.2,67.2,69.75,74.6,70.0,59.0
O. Bayram,77,71,2000000.0,0,3,79,22.0,2.366027397260274,38.5,203.2,68.0,78.75,65.0,69.625,71.5
P. Frankowski,131,71,3200000.0,1,3,59,14.0,2.470958512160229,34.0,186.2,64.2,81.25,67.6,56.125,50.0
H. Dalsgaard,157,71,1900000.0,1,3,26,14.0,2.3773399014778325,35.5,187.0,59.0,73.25,67.0,70.0,52.0
M. Olsson,79,71,1700000.0,0,2,76,23.0,1.8768472906403941,36.0,199.8,66.6,75.5,71.8,67.375,51.0
O. Petrák,39,71,2500000.0,1,3,23,21.0,2.3500633713561467,32.25,163.9,66.2,71.25,66.8,57.0,27.0
F. Jensen,0,71,3700000.0,1,3,34,22.0,2.2917293233082705,37.25,207.8,67.2,70.5,70.8,58.875,44.0
G. Achilier,29,71,950000.0,1,2,49,24.0,1.7971698113207548,24.0,93.1,41.8,49.25,64.2,50.0,32.5
M. Suárez,123,71,2800000.0,1,4,82,4.0,2.2917293233082705,31.5,145.6,50.8,70.25,72.6,59.875,52.0
C. Stanković,72,71,2200000.0,1,4,33,1.0,2.3235588972431076,8.0,49.3,23.4,54.0,39.4,13.875,19.5
S. Piette,44,71,2700000.0,1,2,13,6.0,2.1569074778200252,28.0,152.9,63.8,66.75,79.6,54.625,52.0
J. McClean,107,71,2300000.0,0,2,64,11.0,2.2165951359084404,38.5,203.8,68.4,74.5,74.6,63.5,65.5
E. Horvath,72,71,2400000.0,1,3,80,18.0,2.268909512761021,7.25,53.9,29.8,55.75,36.8,10.625,14.0
R. Řezník,119,71,1800000.0,1,3,23,17.0,2.2917293233082705,36.25,178.5,53.8,73.0,71.8,62.25,50.0
M. Henriksen,61,71,2800000.0,1,2,55,19.0,2.355388471177945,35.0,217.1,64.4,66.25,70.4,65.0,59.5
C. Ikonomidis,101,71,3500000.0,1,4,57,19.0,2.1224657534246574,36.0,204.6,67.6,75.0,65.8,58.625,57.0
C. Christie,130,71,2400000.0,1,2,64,3.0,2.4097435897435897,37.5,171.0,63.6,76.25,67.0,67.875,42.0
C. Săpunaru,37,71,725000.0,1,3,66,22.0,2.314778325123153,33.0,207.2,65.4,65.0,70.0,66.875,67.5
A. Sagal,167,71,3200000.0,0,3,56,7.0,2.009597924773022,34.25,207.8,61.2,72.0,69.2,62.25,53.0
K. Tsimikas,79,71,2800000.0,0,3,38,23.0,2.5773529411764704,36.75,178.5,67.4,79.5,70.6,68.875,60.5
R. Schüller,46,71,2300000.0,0,3,34,11.0,2.2712369597615503,29.0,161.1,63.4,63.75,69.2,58.125,39.0
C. Fai,119,72,3100000.0,1,4,12,2.0,2.3251040221914008,33.0,128.2,53.8,82.75,76.6,64.375,32.5
C. Mulgrew,29,72,1800000.0,0,3,71,13.0,2.2951807228915664,34.75,195.3,71.8,58.5,67.0,60.25,77.0
J. Russell,150,72,3100000.0,0,3,71,20.0,2.0,37.5,208.2,69.2,74.5,74.6,55.125,61.5
S. Lletget,7,72,3800000.0,1,5,80,15.0,2.037433155080214,38.25,188.7,68.6,73.25,72.0,64.0,54.5
J. Savarino,145,72,5000000.0,1,4,83,10.0,2.5706948640483382,36.25,194.5,66.8,82.0,69.2,50.25,56.5
F. Nita,72,72,2000000.0,1,2,66,16.0,2.5052054794520546,8.5,34.1,21.0,37.0,52.2,8.125,12.0
A. Struna,36,72,2900000.0,1,3,72,23.0,2.2099767981438516,31.0,148.7,57.8,66.0,71.6,51.75,47.5
L. Reyes,60,72,3500000.0,1,3,16,21.0,2.3430481283422457,31.5,178.2,69.6,72.0,75.4,65.875,48.5
R. Sallai,81,72,4600000.0,1,3,40,20.0,2.3719844357976654,37.5,197.8,66.0,71.25,59.8,53.25,50.5
C. Robinson,98,72,4300000.0,1,3,64,14.0,2.037433155080214,37.0,200.7,61.8,79.5,61.0,50.75,58.0
J. Risdon,114,72,3200000.0,1,3,86,4.0,2.398283261802575,35.0,148.7,61.4,68.5,76.4,57.75,40.5
F. Moubandje,75,72,2500000.0,0,3,77,3.0,2.0966170500676586,35.25,174.5,65.0,68.5,73.6,69.875,52.0
C. Gruezo,44,72,3700000.0,1,3,28,8.0,2.536214605067064,26.75,153.9,64.0,66.5,77.0,62.375,48.0
M. Langerak,72,72,2100000.0,1,3,51,1.0,2.3008343265792606,8.5,55.0,27.8,54.25,37.8,15.125,19.5
T. Kalas,29,72,3400000.0,1,3,23,3.0,2.2917293233082705,29.0,164.1,51.0,70.5,71.0,58.125,35.5
C. Fassnacht,134,72,3900000.0,1,3,6,16.0,2.404928664072633,35.25,208.0,63.4,76.5,62.8,48.25,50.0
A. Davies,93,72,6000000.0,0,4,13,20.0,2.1489597780859917,36.5,191.7,63.4,83.5,72.0,59.875,52.0
J. Bednarek,29,72,4200000.0,1,3,59,5.0,2.4378728923476007,24.5,100.2,48.8,61.5,66.4,48.5,29.0
K. Nordfeldt,72,72,2500000.0,1,2,76,22.0,2.2464622641509435,6.75,49.8,29.0,58.75,41.0,14.75,12.0
P. Arriola,136,72,4200000.0,1,3,80,14.0,2.583050847457627,36.0,195.4,67.8,78.25,71.0,63.25,56.5
C. Pantilimon,72,72,1900000.0,1,2,66,1.0,2.112266112266112,9.0,43.9,29.8,47.5,47.2,15.875,16.5
D. Kombarov,79,72,2000000.0,0,2,67,23.0,2.5364771151178918,37.5,210.3,74.6,75.75,73.6,69.125,81.5
M. Milligan,41,72,1800000.0,1,3,4,5.0,1.953846153846154,31.75,193.2,68.6,66.5,77.8,60.75,71.0
O. Nyland,72,72,2500000.0,1,4,55,12.0,2.149665924276169,8.75,50.6,29.0,51.75,44.8,14.125,19.5
C. Borja,73,72,3200000.0,0,2,75,26.0,2.1489597780859917,36.75,157.1,62.4,79.75,66.4,62.75,44.0
A. Chipciu,137,72,3000000.0,1,4,66,7.0,2.0876712328767124,37.75,206.3,68.4,73.75,67.4,59.875,66.0
J. Omlin,72,72,3100000.0,1,3,31,1.0,2.355388471177945,13.25,65.5,33.6,50.0,46.8,19.75,21.5
T. Lawrence,101,72,3900000.0,1,4,85,17.0,2.0713903743315507,39.0,207.5,68.2,73.0,67.2,52.75,70.0
V. Belec,72,72,2600000.0,1,3,72,12.0,2.075698924731183,6.5,49.0,21.4,54.5,41.0,13.125,18.0
B. Johnsen,160,72,3700000.0,1,2,55,9.0,2.4086206896551725,28.75,223.2,56.0,72.5,70.0,52.875,54.5
T. Adams,49,72,4800000.0,1,3,80,13.0,2.5773529411764704,31.5,158.8,64.6,77.75,78.0,68.0,46.5
S. Rosted,29,72,3500000.0,1,3,55,5.0,2.382256020278834,20.5,173.0,55.0,60.25,67.6,63.875,42.5
M. Bakakis,120,72,2900000.0,1,4,38,2.0,2.7004622496147914,37.5,182.9,64.4,77.25,67.4,67.875,58.0
H. Aleesami,77,72,2600000.0,0,3,55,23.0,2.2522167487684728,37.25,175.7,67.4,78.0,73.2,63.0,56.5
D. Siovas,29,72,2400000.0,0,3,38,5.0,2.3257831325301206,24.75,159.7,62.8,46.0,72.8,54.5,34.0
J. Zmrhal,93,72,3900000.0,0,2,23,8.0,2.382256020278834,37.0,210.1,68.4,73.75,63.2,59.875,53.5
N. Karelis,160,72,3700000.0,0,2,38,7.0,2.470958512160229,35.25,217.9,62.4,73.25,71.8,54.375,65.0
L. Koutris,77,72,3600000.0,0,2,38,22.0,2.360332871012483,37.75,183.6,64.4,79.5,71.8,67.125,55.5
G. Zardes,160,73,4800000.0,1,4,80,9.0,2.210011918951132,33.75,215.8,59.4,79.0,69.6,55.5,48.0
Y. Yotún,67,73,4000000.0,0,1,22,6.0,2.54,38.0,192.2,73.8,71.0,74.8,65.5,60.0
A. Gunnarsson,44,73,3100000.0,1,3,41,17.0,1.7679814385150812,34.0,199.3,67.0,64.25,72.8,66.5,55.5
S. Ingason,36,73,4500000.0,1,3,41,5.0,2.264578313253012,24.0,165.0,54.0,63.25,69.2,64.625,48.0
J. Uronen,73,73,4500000.0,0,4,34,18.0,2.062246278755074,36.75,182.6,67.6,70.75,73.4,62.125,57.5
P. Aquino,44,73,4500000.0,1,3,18,18.0,2.5072961373390554,29.25,164.7,67.6,75.5,73.4,64.625,61.0
A. Peñaranda,163,73,6000000.0,1,3,83,9.0,2.2339759036144575,37.25,216.5,68.6,75.75,60.0,52.25,70.0
V. Torosidis,121,73,1500000.0,1,3,38,15.0,2.2275274056029235,37.75,180.1,64.4,66.75,70.4,66.5,45.0
J. Herrera,72,73,270000.0,1,3,81,25.0,2.0996555683122846,8.75,54.2,27.6,54.0,50.4,14.375,42.0
R. Krhin,44,73,3200000.0,1,3,72,6.0,2.314778325123153,30.5,168.7,67.2,50.25,65.8,62.625,53.5
W. Trapp,39,73,4300000.0,1,2,80,20.0,2.54,31.0,174.1,72.6,66.0,70.4,61.0,59.0
I. Arboleda,72,73,4100000.0,1,2,17,1.0,2.433333333333333,10.75,59.8,22.6,60.5,44.6,15.125,20.0
M. Klich,55,73,4000000.0,1,3,59,8.0,2.2275274056029235,35.75,202.4,73.2,63.5,70.6,64.75,71.0
R. Neustädter,30,73,3000000.0,1,4,67,18.0,2.314778325123153,29.0,179.0,67.2,54.25,67.0,63.625,54.0
N. Skubic,114,73,3000000.0,1,3,72,2.0,2.037433155080214,38.25,180.1,58.4,70.5,71.2,70.5,55.5
S. Williams,44,73,2700000.0,0,3,64,7.0,2.3235588972431076,37.25,192.4,71.0,63.75,74.0,64.875,67.5
H. Kaldırım,73,73,3200000.0,0,2,79,3.0,2.4449197860962566,37.5,182.3,68.6,71.25,72.4,66.375,36.0
A. Behich,73,73,3300000.0,0,4,4,16.0,2.7012698412698413,38.5,193.8,67.8,78.0,72.8,66.375,51.0
A. Zambo Anguissa,44,73,5000000.0,1,2,12,6.0,2.3446153846153845,34.0,185.0,67.4,67.25,77.8,66.0,54.0
J. Hušbauer,61,73,4000000.0,1,3,23,5.0,2.4,38.75,207.4,74.2,65.25,66.4,61.625,70.0
A. Miranchuk,19,73,6000000.0,1,4,67,16.0,2.5364771151178918,35.75,191.4,69.4,72.5,64.2,48.5,69.0
A. Traoré,73,73,3200000.0,0,2,24,5.0,2.331232876712329,37.0,163.8,64.4,81.5,75.8,66.75,43.5
B. Guzan,72,73,2000000.0,0,2,80,1.0,2.0362869198312237,8.0,52.7,30.8,45.0,45.6,13.5,23.0
H. Martín,172,73,4800000.0,1,3,15,21.0,2.0876712328767124,35.5,218.0,66.0,79.0,69.2,52.25,57.0
A. Donis,171,73,6500000.0,1,4,38,17.0,2.0,32.5,208.9,58.6,81.25,66.8,45.5,55.0
H. Magnússon,32,73,4500000.0,0,2,41,18.0,2.3460591133004924,27.0,152.5,62.2,63.5,67.4,47.625,49.5
J. Egan,29,73,4300000.0,1,3,64,5.0,2.512834224598931,22.75,166.2,53.8,64.5,70.4,55.0,35.5
T. Hořava,61,73,3700000.0,1,3,23,12.0,2.6163090128755364,35.75,202.6,74.0,66.75,66.4,59.75,62.0
W. Faríñez,72,73,5000000.0,1,3,48,1.0,1.908128078817734,8.5,62.8,32.0,57.25,43.6,16.75,20.5
D. Ward,72,73,3500000.0,1,3,85,12.0,2.164772727272727,8.5,48.9,29.6,49.5,43.2,11.75,17.0
G. Saville,65,73,4900000.0,0,3,54,6.0,2.400821917808219,35.25,206.1,69.6,68.25,75.0,68.875,61.5
A. Bakasetas,24,73,5000000.0,0,4,38,14.0,1.9864102564102564,36.0,224.3,73.0,67.5,66.8,56.375,68.5
C. Doukouré,44,73,4500000.0,1,3,24,4.0,1.88721071863581,32.5,197.8,65.6,72.0,75.8,68.75,58.5
S. Larsson,60,73,2300000.0,1,3,76,7.0,2.180257510729614,37.75,216.5,76.2,63.0,71.4,65.5,75.0
T. Elyounoussi,164,73,3900000.0,1,4,55,10.0,2.6090634441087612,38.0,218.7,66.4,82.0,71.6,55.875,65.0
K. Long,29,73,3800000.0,1,2,64,21.0,2.320341047503045,23.75,138.9,52.2,60.0,68.0,60.0,32.0
O. Opazo,138,73,4200000.0,1,5,20,16.0,2.360332871012483,37.75,199.4,66.8,80.5,75.2,70.5,56.5
C. Njie,168,73,5000000.0,1,2,12,21.0,2.5773529411764704,36.25,212.8,63.2,87.5,70.4,50.125,51.0
L. Rodríguez,130,73,3300000.0,1,2,78,28.0,2.400821917808219,38.0,197.7,69.8,78.75,72.4,69.625,50.0
F. Kudryashov,35,73,2700000.0,0,2,67,13.0,1.908128078817734,34.0,156.5,60.4,73.0,69.8,59.375,43.5
M. Luongo,44,73,4200000.0,1,3,4,8.0,2.3,32.0,190.9,65.4,74.5,76.0,67.875,49.0
E. Stevens,113,73,3300000.0,0,2,64,19.0,2.3446153846153845,36.25,137.4,62.0,70.5,68.6,64.5,52.5
G. Silva,74,73,4500000.0,0,2,42,20.0,2.5090663058186737,37.0,159.7,65.8,67.25,68.2,62.125,65.5
M. Miazga,29,73,4500000.0,1,3,80,3.0,2.3008343265792606,20.5,113.9,49.2,61.25,68.2,48.875,26.0
K. Grosicki,81,73,3800000.0,1,3,59,11.0,1.9864102564102564,36.5,220.2,71.0,78.25,61.6,52.625,69.5
K. Ajer,29,73,5500000.0,1,3,55,3.0,2.082854100106496,32.5,170.7,63.4,58.5,75.2,61.5,50.5
S. Long,160,73,3600000.0,1,2,64,9.0,2.180257510729614,36.5,223.4,59.4,76.25,71.0,53.0,54.5
J. Gallardo,91,74,7500000.0,0,1,50,17.0,2.5773529411764704,38.0,197.4,70.0,74.5,68.6,68.875,52.5
P. Žulj,61,74,7000000.0,0,3,5,16.0,2.3235588972431076,37.75,208.6,74.6,65.5,63.8,71.625,69.5
M. Çelik,114,74,8000000.0,1,3,79,13.0,1.9864102564102564,36.5,150.4,69.0,74.5,71.2,70.375,41.5
D. Vukovic,72,74,2800000.0,1,3,4,18.0,1.9005055611729018,6.0,44.4,21.6,53.25,48.6,11.25,25.0
A. Bjelland,29,74,4400000.0,0,3,26,2.0,2.216509433962264,27.25,170.4,66.6,52.0,69.2,66.375,43.5
M. Jensen,55,74,5000000.0,1,4,26,7.0,2.037433155080214,37.75,205.6,72.4,73.0,81.8,65.875,68.0
C. Bassogog,170,74,8000000.0,0,2,39,10.0,2.3430481283422457,33.5,212.3,65.8,83.0,68.2,50.125,69.0
H. Lindner,72,74,4700000.0,1,3,37,1.0,2.355388471177945,6.0,49.8,26.0,49.75,43.6,12.5,18.0
C. Larin,160,74,8000000.0,1,4,13,9.0,2.093095768374165,27.0,224.3,49.4,68.5,64.6,46.625,42.5
T. Kędziora,114,74,6500000.0,1,3,59,4.0,2.5052054794520546,36.0,167.3,63.2,73.25,68.8,69.375,37.5
O. Hiljemark,60,74,6500000.0,1,3,76,15.0,2.5052054794520546,36.5,193.2,73.6,68.75,72.8,64.0,68.5
A. Mitriţă,104,74,7500000.0,1,5,66,20.0,2.6221879815100153,36.25,189.9,68.0,85.0,64.6,49.25,57.5
J. Kodjia,168,74,6000000.0,1,3,24,9.0,2.4378728923476007,33.0,217.6,58.6,76.75,71.2,48.5,63.5
A. Long,29,74,6500000.0,1,3,80,21.0,2.1510440835266817,25.25,144.5,58.4,73.0,73.4,60.0,36.5
S. Prödl,29,74,3800000.0,1,2,5,15.0,2.0142121524201855,19.5,129.9,48.2,39.5,63.8,55.25,36.5
V. Barkas,72,74,5000000.0,0,2,38,13.0,2.1445175438596493,7.0,42.3,30.4,43.25,46.8,12.875,17.5
M. Ngadeu-Ngadjui,30,74,5500000.0,1,5,12,5.0,2.0483870967741935,23.75,165.7,58.2,68.25,74.2,56.625,38.0
A. Ajeti,163,74,7500000.0,1,4,31,22.0,2.3719844357976654,33.5,221.4,61.8,73.5,73.0,48.25,44.5
S. Deli,29,74,6000000.0,0,3,24,19.0,2.3008343265792606,23.5,156.2,53.0,73.75,70.0,55.5,45.5
A. Chumacero,70,74,6500000.0,1,3,61,3.0,2.5439137134052383,36.5,211.8,72.2,73.0,79.0,64.875,62.5
T. Reginiussen,29,74,3200000.0,1,3,55,4.0,2.3235588972431076,25.5,159.4,50.4,65.5,69.0,63.875,32.0
R. Christie,5,74,7500000.0,0,4,71,10.0,2.140449438202247,36.25,205.9,71.4,77.0,78.0,67.375,57.0
C. Gordon,72,74,1300000.0,0,3,71,21.0,2.3257831325301206,6.5,55.3,31.0,50.0,45.6,17.625,17.5
S. Arfield,65,74,5500000.0,1,3,13,7.0,1.9097744360902258,37.0,206.9,73.6,69.0,75.8,68.5,58.0
G. Bong,73,74,4100000.0,0,3,12,4.0,2.543437077131258,37.0,146.5,69.4,67.5,68.8,69.875,37.5
T. Sainsbury,29,74,5500000.0,1,3,4,20.0,2.3446153846153845,29.25,161.7,62.8,72.25,71.2,64.0,44.0
A. Hassan,160,74,7500000.0,1,3,29,20.0,2.2099767981438516,26.5,229.6,61.0,60.0,67.0,49.375,61.5
B. Bereszyński,114,74,6000000.0,1,3,59,18.0,2.3719844357976654,36.0,182.0,64.0,79.5,72.8,65.375,50.0
R. Strebinger,72,74,5000000.0,1,2,68,1.0,2.149665924276169,7.25,52.6,19.2,47.0,37.8,13.25,18.0
E. Álvarez,30,74,6500000.0,1,3,15,4.0,2.54,33.0,171.8,57.2,71.25,71.6,63.625,47.5
L. Mothiba,160,74,9000000.0,1,3,73,23.0,2.4,32.5,221.2,62.6,69.25,68.2,48.375,59.5
P. Kunde Malong,44,74,6500000.0,1,4,12,13.0,1.9637515842839035,36.5,199.4,71.0,74.0,75.4,66.125,48.5
C. Hourihane,60,74,6000000.0,0,4,64,17.0,2.4950080515297905,36.25,206.1,74.0,70.75,75.2,65.75,71.0
C. Kameni,72,74,2300000.0,1,3,12,23.0,2.1510440835266817,7.25,49.5,23.6,53.75,50.2,14.5,18.0
S. Kırıntılı,72,74,2800000.0,1,2,79,12.0,2.377179487179487,6.75,53.3,21.4,58.0,47.4,16.5,12.0
L. Griffiths,160,74,6000000.0,0,3,71,16.0,2.2731517509727626,36.0,223.6,64.6,78.25,69.6,46.625,76.5
G. Svensson,42,74,3800000.0,1,2,76,18.0,2.3719844357976654,29.75,160.8,66.6,54.5,75.0,60.875,39.0
C. Paterson,166,74,7500000.0,1,3,71,2.0,2.466666666666667,35.5,222.3,63.8,73.75,75.0,70.75,39.0
I. Kutepov,29,74,6500000.0,1,5,67,3.0,2.3008343265792606,19.0,161.9,56.8,47.0,68.0,52.875,45.5
J. Durmaz,18,74,5500000.0,0,4,76,21.0,2.248766328011611,39.75,192.8,74.2,73.0,69.4,48.875,75.0
J. Hoilett,106,74,5500000.0,1,3,13,10.0,2.470958512160229,38.25,214.6,69.6,82.5,68.0,52.0,66.5
J. Chester,29,74,4400000.0,1,3,85,5.0,1.9637515842839035,29.5,130.4,57.6,69.75,72.2,59.0,48.0
G. Arias,72,74,3600000.0,1,2,63,1.0,2.060964912280702,8.0,55.5,24.0,43.0,43.0,15.375,22.0
J. Corona,72,75,450000.0,1,3,22,1.0,2.179737783075089,8.0,50.4,28.0,53.25,43.0,16.5,15.5
N. Stanciu,21,75,9000000.0,1,4,0,71.0,2.3901685393258427,40.0,216.8,75.4,71.5,66.4,50.875,73.0
E. Paredes,160,75,2400000.0,0,3,20,7.0,1.8562728380024363,35.5,226.2,68.8,68.75,68.2,54.75,76.5
R. Saravia,114,75,7500000.0,1,2,63,26.0,2.3430481283422457,38.5,146.7,58.6,81.5,75.4,70.25,53.0
T. Klose,29,75,4900000.0,1,3,77,20.0,2.2163030998851894,16.25,146.5,55.4,48.25,66.4,57.375,28.0
M. Fernández,56,75,5000000.0,1,4,45,18.0,2.1137309292649102,40.75,208.6,78.4,73.25,64.8,64.25,77.0
V. Lazaro,126,75,7500000.0,1,3,5,22.0,2.037433155080214,42.25,205.6,76.4,81.5,71.6,71.625,68.0
F. Helander,29,75,7000000.0,0,1,76,14.0,2.3008343265792606,21.5,121.8,47.6,55.0,68.6,50.625,37.0
R. Ibarra,131,75,7000000.0,1,3,15,30.0,2.543686502177068,39.75,193.4,67.0,83.75,72.0,58.375,57.5
P. Hurtado,0,75,7000000.0,1,4,58,7.0,2.4307905686546465,38.25,224.5,72.6,77.0,62.2,55.375,70.5
Kaíquão Castro,72,75,2700000.0,1,2,9,22.0,2.164772727272727,5.0,40.7,27.2,43.75,53.2,13.625,13.0
K. Ayhan,30,75,7500000.0,1,4,79,18.0,2.179737783075089,34.5,183.1,72.0,68.25,71.8,62.25,60.5
M. Bizot,72,75,5500000.0,1,2,52,23.0,2.2764150943396224,8.5,55.2,32.0,54.0,47.0,13.25,25.5
Zeca,55,75,6500000.0,1,3,38,8.0,2.72548435171386,36.75,192.0,70.4,77.0,79.4,70.125,56.5
S. Bolat,72,75,4500000.0,1,3,79,1.0,2.2339759036144575,8.5,58.0,33.4,51.75,48.2,14.875,19.5
V. Guzmán,57,75,9000000.0,1,3,56,5.0,2.158374384236453,35.5,217.3,72.0,74.5,71.0,70.0,66.5
M. Krmenčík,160,75,9000000.0,1,3,23,11.0,2.121380846325167,32.75,221.3,59.4,73.25,68.6,49.625,60.0
J. Fernandes,97,75,6500000.0,1,4,14,11.0,2.3446153846153845,39.0,229.2,69.8,76.5,71.2,52.375,63.0
T. Pukki,163,75,7000000.0,1,3,34,10.0,1.9416040100250627,30.5,217.5,60.4,79.0,68.8,53.375,52.0
C. McGregor,40,75,7000000.0,0,4,71,6.0,2.3715832205683354,37.25,191.3,72.8,79.5,79.4,70.625,60.5
Dani Rochelinhas,3,75,7000000.0,0,3,9,21.0,2.037433155080214,37.25,190.1,73.8,77.25,65.4,55.0,72.0
F. Schär,29,75,7000000.0,1,4,77,22.0,2.240286054827175,33.25,208.3,69.8,62.25,69.8,70.0,72.0
Renato Sanches,55,75,10000000.0,1,4,60,8.0,2.5072961373390554,35.75,222.4,69.8,76.0,82.0,69.5,68.0
J. Altidore,160,75,7000000.0,1,4,80,17.0,2.31787072243346,30.5,228.0,64.2,68.0,71.6,50.5,73.5
S. Ilsanker,43,75,5000000.0,1,3,5,6.0,2.180510440835267,23.25,175.0,58.0,56.75,70.2,62.0,35.0
A. McGregor,72,75,900000.0,1,3,71,1.0,2.4746955345060893,8.25,56.3,36.8,52.25,53.0,14.375,18.5
W. Hennessey,72,75,4000000.0,1,3,85,1.0,2.206236080178174,5.25,51.1,32.6,49.0,44.8,15.25,14.0
Éder,160,75,6500000.0,1,4,60,9.0,2.3460591133004924,27.0,224.9,64.8,74.0,74.4,55.625,57.0
J. Kurtić,58,75,6500000.0,1,3,72,8.0,2.1070454545454544,36.0,221.7,73.4,67.75,74.6,72.875,67.0
Adilson Edrada,0,75,7000000.0,1,3,9,23.0,2.4307905686546465,36.0,210.4,69.0,77.0,60.4,54.25,71.0
J. Rodríguez,168,75,9000000.0,1,3,22,13.0,1.9766536964980548,35.25,223.2,61.8,78.75,74.6,55.375,69.0
P. Ntep,92,75,8000000.0,1,4,12,19.0,2.0713903743315507,39.25,199.9,71.0,77.5,71.6,48.0,68.5
L. Schaub,19,75,9000000.0,0,3,5,10.0,2.180257510729614,39.0,194.4,72.0,76.5,68.8,52.0,61.5
F. Rønnow,72,75,6500000.0,1,2,26,22.0,2.470817120622568,7.25,44.3,26.2,50.25,37.4,13.375,12.0
S. Armstrong,1,75,8000000.0,1,4,71,8.0,2.4449197860962566,36.25,217.9,72.6,76.5,69.8,67.625,61.0
N. Araújo,29,75,7000000.0,1,3,47,2.0,2.157979334098737,22.25,143.6,58.8,65.5,71.2,52.125,49.5
J. Hendrick,3,75,8000000.0,1,3,64,13.0,2.179737783075089,38.0,217.4,74.6,69.75,74.4,72.375,63.5
Z. Steffen,72,75,8000000.0,1,3,80,12.0,2.2099767981438516,7.75,46.1,38.6,58.5,46.4,11.5,24.0
T. Kádár,32,75,6000000.0,0,2,40,4.0,2.382256020278834,33.25,131.6,60.4,66.25,73.2,60.625,36.5
F. Gutiérrez,57,75,7000000.0,0,4,14,14.0,2.6590625,36.5,204.8,75.8,71.5,70.4,66.125,71.0
R. Otero,84,75,8000000.0,1,4,2,10.0,2.7404186795491143,38.0,217.3,75.6,83.25,68.0,56.5,74.5
M. Zajc,3,75,9500000.0,1,3,72,14.0,2.0,37.75,215.0,74.4,70.75,64.8,62.875,69.5
R. Ruidíaz,160,76,8000000.0,1,4,58,11.0,2.5706948640483382,37.75,234.4,64.8,79.5,68.2,53.375,69.5
T. Souček,39,76,10000000.0,1,3,23,15.0,2.239443155452436,30.25,194.0,66.4,62.75,71.6,68.875,41.5
D. Yedlin,130,76,8500000.0,1,3,80,2.0,2.309090909090909,37.5,188.1,66.8,86.5,75.2,70.875,33.0
M. Bradley,44,76,5500000.0,1,3,80,4.0,2.382256020278834,37.5,204.2,76.6,67.25,77.8,66.25,68.0
X. Schlager,57,76,11500000.0,0,3,33,42.0,2.400821917808219,35.0,199.4,73.4,80.75,74.2,70.5,58.0
C. Cathcart,36,76,6000000.0,1,3,54,20.0,2.2951807228915664,22.5,137.4,56.4,54.5,67.4,52.875,33.5
T. Gebre Selassie,125,76,5000000.0,1,2,23,4.0,2.1761235955056177,39.25,181.4,67.0,74.0,71.6,70.0,54.5
A. Hegazi,29,76,7500000.0,1,2,29,6.0,2.0362869198312237,17.75,97.0,50.4,53.5,70.4,47.625,29.5
M. Fabián,20,76,8000000.0,1,4,47,8.0,2.6221879815100153,40.0,228.7,75.8,72.75,72.2,52.25,76.5
K. Tierney,80,76,11000000.0,0,3,71,22.0,1.953846153846154,38.75,180.4,70.6,81.5,79.4,68.25,46.0
J. Forrest,141,76,8500000.0,1,3,71,7.0,2.2731517509727626,39.75,204.9,68.2,87.5,69.8,58.625,59.0
D. Pelkas,22,76,10000000.0,1,3,38,18.0,2.0876712328767124,38.75,207.3,75.0,77.0,61.4,52.75,70.0
C. Biraghi,77,76,7500000.0,0,3,44,4.0,2.377179487179487,38.75,183.5,67.2,75.5,72.4,66.5,57.0
R. Brady,88,76,8500000.0,0,3,64,12.0,1.9766536964980548,41.0,216.8,75.8,74.75,68.8,69.5,75.5
N. Castillo,160,76,10000000.0,1,3,15,15.0,1.8768472906403941,30.75,233.2,64.6,68.25,76.8,54.25,76.0
J. Allen,56,76,7500000.0,1,3,85,7.0,2.6995169082125603,38.25,193.1,72.4,76.0,81.2,72.625,59.5
T. Koubek,72,76,7000000.0,1,2,23,16.0,2.089873417721519,8.0,52.8,22.2,40.0,44.2,12.625,18.0
K. Piątek,160,76,10500000.0,1,3,59,23.0,2.3719844357976654,31.75,223.1,54.2,72.75,63.0,57.25,57.5
D. Dumfries,114,76,8500000.0,1,2,52,12.0,2.355388471177945,38.5,169.8,62.2,76.0,74.2,70.25,46.5
E. Valencia,172,76,8000000.0,1,3,78,13.0,2.0,38.0,228.5,68.6,81.75,72.2,55.625,67.5
A. Paschalakis,72,76,6000000.0,1,2,38,12.0,2.15114006514658,8.0,43.6,23.8,56.75,53.8,9.875,21.0
Beto,72,76,1000000.0,1,3,60,22.0,2.2522167487684728,8.25,56.7,31.2,56.0,44.8,13.25,16.5
P. Mantalos,9,76,9000000.0,1,4,38,20.0,2.400821917808219,39.5,207.5,75.0,72.25,68.6,60.375,66.5
K. Dolberg,160,76,12000000.0,1,4,26,12.0,2.264578313253012,30.75,235.1,67.4,74.0,65.6,47.5,72.5
P. van Aanholt,73,76,6500000.0,0,4,52,21.0,2.6119225037257827,36.75,211.0,70.8,81.5,73.4,74.0,57.0
M. de Roon,60,76,8000000.0,1,3,52,18.0,2.433333333333333,34.5,209.4,70.6,69.25,78.0,73.75,51.5
T. Rogić,3,76,9500000.0,0,4,4,23.0,2.135909090909091,37.75,222.7,75.4,69.5,68.2,60.875,59.0
N. Nández,64,76,11500000.0,1,3,8,15.0,2.3955617198335646,34.75,186.2,67.4,79.5,83.4,74.5,53.5
R. Marin,60,76,10500000.0,1,4,66,5.0,2.5072961373390554,40.0,223.0,77.6,69.75,70.2,68.875,72.0
M. Uribe,64,76,8500000.0,1,4,15,8.0,2.5685393258426963,36.75,211.0,72.8,72.5,77.0,69.625,65.5
A. Nagy,39,76,9500000.0,1,5,40,8.0,2.062246278755074,39.5,180.4,78.0,75.5,70.4,68.25,60.0
A. Schöpf,142,77,11500000.0,1,4,5,18.0,2.062246278755074,40.5,203.7,70.0,77.25,73.0,65.75,62.5
P. Schick,165,77,13500000.0,0,2,23,10.0,2.54,38.5,229.4,73.0,75.75,66.4,52.875,57.0
S. Berge,44,77,12000000.0,1,3,55,14.0,2.082854100106496,36.25,180.6,76.0,72.25,73.6,66.75,43.0
R. Funes Mori,31,77,8500000.0,0,3,3,13.0,2.3500633713561467,33.25,166.7,62.0,65.25,72.0,62.25,55.0
C. Ortíz,44,77,7000000.0,0,3,50,16.0,2.5072961373390554,32.5,181.9,68.8,70.75,77.4,72.875,41.5
F. Grillitsch,60,77,11500000.0,1,3,5,20.0,2.4378728923476007,37.5,185.8,72.8,67.75,66.0,67.5,59.0
S. Lainer,114,77,9000000.0,1,4,33,22.0,2.400821917808219,38.0,202.3,68.0,80.25,79.0,68.875,39.0
G. Ochoa,72,77,5000000.0,1,3,47,13.0,2.377179487179487,6.75,57.0,28.6,58.25,41.6,16.25,16.5
M. Doherty,156,77,8500000.0,1,4,64,6.0,2.057142857142857,38.75,195.2,69.2,73.5,74.6,73.0,46.5
S. Aziz,29,77,8500000.0,1,3,79,4.0,2.31787072243346,24.75,129.7,55.4,70.75,73.8,49.875,37.0
L. Augustinsson,73,77,10000000.0,0,2,76,6.0,2.1489597780859917,39.25,185.9,73.8,76.25,73.6,69.875,66.0
M. Jørgensen,29,77,8500000.0,1,2,26,13.0,2.2464622641509435,24.25,151.4,58.0,65.0,71.8,60.875,26.5
K. Mbabu,114,77,10000000.0,1,3,6,43.0,2.2033734939759038,38.25,172.8,68.2,82.25,78.0,72.25,36.5
V. Fischer,98,77,11500000.0,1,4,26,15.0,1.9416040100250627,38.5,215.1,74.2,78.75,73.0,56.0,63.5
E. Gutiérrez,55,77,13000000.0,0,2,47,3.0,2.0966170500676586,37.75,206.8,76.0,72.75,72.6,68.25,59.0
M. Lang,125,77,7500000.0,1,4,77,6.0,2.3500633713561467,36.75,220.0,64.2,69.5,72.2,71.625,57.0
D. van de Beek,3,77,12500000.0,1,4,52,17.0,2.4746955345060893,36.75,229.0,74.4,69.25,72.2,69.375,58.5
J. Guidetti,160,77,11000000.0,1,3,76,17.0,2.3500633713561467,37.75,241.5,67.6,67.75,71.8,56.125,80.5
N. Jørgensen,160,77,9500000.0,1,3,26,9.0,2.2951807228915664,37.0,235.3,71.0,72.0,72.8,53.75,65.0
M. Layún,122,77,6500000.0,1,5,50,21.0,2.033333333333333,40.25,220.0,73.0,74.5,73.6,74.375,74.0
O. Yokuşlu,41,77,10500000.0,1,4,79,5.0,2.2099767981438516,36.75,224.5,73.8,70.0,77.0,71.0,62.5
D. Zakaria,60,77,13000000.0,1,3,77,17.0,2.3872180451127822,36.25,176.0,75.2,75.25,77.6,71.0,42.0
R. De Paul,109,77,12000000.0,1,3,3,16.0,2.180257510729614,41.75,209.3,77.2,75.5,68.4,54.5,69.0
A. Marchesín,72,77,5500000.0,1,3,15,1.0,2.216509433962264,11.0,48.5,34.4,61.0,53.2,17.375,14.5
A. Dragović,29,77,7500000.0,1,4,5,3.0,2.1070454545454544,28.75,177.5,58.4,69.0,71.8,70.25,63.0
J. dos Santos,70,77,9000000.0,1,4,47,21.0,2.366027397260274,40.0,208.1,77.8,73.0,73.8,70.875,65.5
E. Pulgar,44,77,10000000.0,1,2,14,13.0,2.2339759036144575,34.5,189.4,72.0,68.0,75.6,66.875,59.0
C. Wood,160,77,10500000.0,1,3,53,9.0,2.040825190010858,29.0,237.6,64.0,70.75,73.6,56.75,72.5
N. Chadli,96,77,9000000.0,1,4,7,22.0,2.216509433962264,40.5,228.6,75.2,73.0,70.0,59.0,77.0
T. Rincón,60,77,8000000.0,1,3,83,8.0,2.0,36.75,198.1,71.6,74.0,80.2,72.0,49.0
A. Miranchuk,27,77,12000000.0,0,2,67,15.0,2.4746955345060893,37.25,196.3,75.0,74.25,63.8,50.375,55.0
A. Ekdal,60,77,9000000.0,1,3,76,8.0,2.4788770053475937,36.75,206.1,77.2,60.25,73.4,70.25,69.0
S. Lichtsteiner,116,77,2500000.0,1,3,77,2.0,2.4,38.75,199.8,70.6,70.0,76.4,71.0,65.0
V. Darida,57,77,9000000.0,1,4,23,19.0,2.6590625,38.0,206.7,76.4,72.75,72.4,69.25,72.5
M. Plattenhardt,77,77,8500000.0,0,2,36,2.0,2.033333333333333,42.0,186.2,75.4,73.25,71.0,71.375,75.0
R. Freuler,55,77,10500000.0,1,3,77,8.0,2.009597924773022,38.25,201.8,73.0,71.5,68.2,74.125,65.5
Gazzolisco,77,77,6500000.0,0,5,9,19.0,2.54,38.25,217.2,70.6,75.5,81.6,65.125,77.0
D. Welbeck,112,77,9500000.0,1,3,30,21.0,2.54,38.25,235.5,69.8,78.25,72.4,58.25,66.0
J. Maddison,12,77,13000000.0,1,4,30,22.0,2.400821917808219,40.25,201.4,78.4,76.0,63.4,54.0,76.5
E. Choupo-Moting,168,77,9000000.0,1,4,12,11.0,2.088815789473684,39.0,227.7,73.2,76.0,69.6,54.375,56.0
Gervinho,110,78,9000000.0,1,3,24,10.0,2.302114803625378,40.25,214.2,72.2,86.25,65.6,53.75,53.0
Guilherme,72,78,6000000.0,1,2,67,20.0,2.0630801687763713,7.75,50.2,33.4,51.25,47.0,15.125,12.0
C. Tosun,160,78,12000000.0,1,4,79,9.0,2.3446153846153845,36.25,243.0,68.0,74.25,73.0,53.625,79.5
M. Gradel,104,78,10000000.0,1,4,24,15.0,2.180257510729614,40.25,228.1,72.6,81.75,67.4,57.625,75.5
P. Hernández,57,78,9000000.0,0,3,42,19.0,2.2834975369458124,35.0,213.9,78.0,71.5,68.4,72.0,65.5
D. Pröpper,55,78,12000000.0,1,3,52,6.0,2.3500633713561467,35.0,220.8,77.8,69.25,76.2,67.0,68.5
T. Vilhena,55,78,13000000.0,0,4,52,20.0,2.4615168539325842,39.75,225.0,76.4,75.75,81.4,70.125,61.0
K. Fortounis,12,78,12500000.0,1,4,38,10.0,2.033333333333333,41.25,219.1,78.4,77.5,69.8,56.25,80.0
A. Cragno,72,78,10500000.0,1,3,44,12.0,2.3446153846153845,7.5,51.4,25.0,44.25,46.6,15.25,21.5
M. De Sciglio,119,78,10000000.0,1,5,44,2.0,2.3446153846153845,39.5,169.7,70.4,76.25,75.6,70.875,44.0
R. Olsen,72,78,7500000.0,1,2,76,1.0,2.268909512761021,8.25,49.0,32.0,44.0,43.4,15.25,21.0
R. Fraser,89,78,13000000.0,1,4,71,11.0,2.3256080114449214,41.5,179.0,72.8,85.75,70.8,60.125,63.5
D. Berardi,154,78,14000000.0,0,3,44,11.0,2.5364771151178918,40.5,233.1,75.2,79.5,73.0,54.875,73.5
Bruma,12,78,13500000.0,1,4,60,18.0,2.470958512160229,41.75,212.8,73.0,86.0,71.2,51.375,70.5
O. Vlachodimos,72,78,10500000.0,1,3,69,99.0,2.4378728923476007,7.5,51.4,26.2,56.25,44.6,14.5,15.5
R. Gagliardini,44,78,11500000.0,1,2,44,5.0,2.470817120622568,36.25,212.4,74.2,68.0,73.2,72.875,39.0
P. Sisto,104,78,14000000.0,1,4,26,23.0,2.5068214804063857,43.0,217.7,72.8,81.0,70.8,60.125,70.5
D. Laxalt,81,78,12500000.0,0,3,82,17.0,2.2411764705882353,40.75,186.5,71.8,83.25,75.6,66.5,54.5
M. Meza,14,78,12500000.0,1,3,50,32.0,2.033333333333333,41.5,220.2,76.2,80.5,74.4,56.5,65.0
G. Simeone,160,78,15000000.0,1,3,3,19.0,1.908128078817734,30.5,236.4,65.6,77.25,73.2,56.25,65.5
R. Battaglia,60,78,12000000.0,1,4,75,16.0,2.382256020278834,31.5,212.3,69.2,67.25,78.0,77.75,58.0
N. Elvedi,38,78,12000000.0,1,3,77,4.0,2.4097435897435897,35.0,139.8,60.8,72.75,68.6,65.5,33.0
N. Barella,55,78,16500000.0,1,3,44,18.0,2.54,39.5,183.9,77.0,77.0,77.4,69.0,70.0
J. Gomez,36,78,14500000.0,1,3,30,16.0,2.4378728923476007,35.5,124.6,58.0,76.0,71.8,65.0,27.5
A. Golovin,58,78,14000000.0,1,4,67,17.0,2.248766328011611,40.25,206.8,77.2,79.75,75.0,70.375,65.5
Trezeguet,85,78,13000000.0,1,5,29,21.0,1.953846153846154,42.25,207.0,71.6,78.5,66.8,50.375,64.5
R. Bentancur,55,78,18500000.0,1,3,82,6.0,2.606934812760056,37.5,179.9,73.8,71.5,73.6,64.5,49.5
B. Chilwell,73,78,12500000.0,0,3,30,19.0,1.9766536964980548,39.75,174.3,70.6,77.0,72.6,75.0,58.0
Claudio Coíntra,2,78,5000000.0,0,5,9,18.0,2.4615168539325842,39.25,213.3,78.2,82.25,68.2,51.25,73.5
Everticinho,128,78,7500000.0,1,3,9,16.0,2.3430481283422457,40.0,217.1,70.0,79.75,75.8,75.75,66.0
Sidney Pessinho,44,78,9000000.0,1,3,9,17.0,2.216509433962264,36.75,186.1,75.2,69.0,72.6,64.5,72.0
C. Ünder,148,78,16000000.0,0,4,79,17.0,2.6090634441087612,43.0,222.3,74.4,80.75,60.0,53.375,66.0
A. Valencia,114,79,7000000.0,1,2,28,16.0,1.8667469879518073,40.5,209.4,73.4,79.5,78.4,73.0,60.5
J. Hernández,160,79,12000000.0,1,3,47,14.0,2.400821917808219,35.75,240.3,67.0,75.5,67.2,55.625,63.0
S. Coleman,114,79,9500000.0,1,3,64,2.0,1.9766536964980548,41.75,212.1,71.2,76.0,75.6,77.25,54.0
M. Sakho,29,79,11500000.0,0,2,35,5.0,2.264578313253012,28.0,128.5,64.0,56.0,75.6,57.375,35.0
G. Mercado,36,79,8500000.0,1,3,3,17.0,1.8667469879518073,32.25,203.1,66.8,72.0,74.6,70.875,51.5
R. Barkley,3,79,16000000.0,1,5,30,15.0,2.128817451205511,39.0,219.2,78.2,69.75,71.6,61.5,67.5
M. Gregoritsch,27,79,16000000.0,0,3,5,11.0,2.2163030998851894,37.0,238.5,76.6,69.5,64.6,57.375,71.0
H. Vanaken,2,79,15500000.0,1,5,7,18.0,2.4508771929824564,39.0,228.2,81.0,59.0,70.0,68.5,72.0
D. Sidibé,119,79,12000000.0,1,4,35,19.0,2.2522167487684728,40.25,202.3,75.2,75.5,77.2,75.0,58.0
J. Vestergaard,29,79,12500000.0,1,4,26,3.0,2.0216326530612245,23.5,164.8,60.4,45.0,66.8,63.0,63.5
N. Pope,72,79,11000000.0,1,3,30,23.0,2.6333333333333333,7.0,49.2,29.4,50.75,50.6,14.5,17.0
J. Brooks,29,79,14000000.0,0,3,80,6.0,2.474871794871795,26.25,143.2,59.2,68.0,70.4,59.25,36.5
S. Arias,114,79,12000000.0,1,3,21,4.0,2.1137309292649102,38.5,176.7,63.8,81.0,78.2,73.0,55.0
Mário Rui,73,79,11500000.0,0,3,60,19.0,2.536214605067064,41.0,179.7,71.2,84.25,76.0,67.0,63.0
W. Orban,29,79,13000000.0,1,3,40,6.0,2.2339759036144575,23.75,136.0,50.0,56.5,71.0,56.125,36.5
H. Winks,60,79,17500000.0,1,3,30,17.0,2.3715832205683354,37.5,176.6,79.0,75.75,74.4,67.75,55.5
K. Toko-Ekambi,168,79,15000000.0,1,4,12,7.0,2.5090663058186737,40.0,235.1,66.8,80.5,68.6,50.875,66.0
M. Campaña,72,79,10000000.0,1,3,42,25.0,2.4788770053475937,10.25,59.0,31.6,49.75,44.2,19.75,18.0
B. Verbič,93,79,16000000.0,1,3,72,21.0,2.180257510729614,39.75,221.2,72.4,80.75,76.0,59.125,64.0
B. Pavard,36,79,14500000.0,1,3,35,2.0,2.433333333333333,34.5,173.1,71.4,71.75,73.2,67.5,51.0
L. Pellegrini,57,79,18500000.0,1,3,44,7.0,2.404928664072633,39.25,217.7,78.6,73.0,72.8,72.75,55.5
Maikel Catarino,124,79,3600000.0,1,3,9,2.0,2.037433155080214,41.25,170.6,68.2,80.5,67.6,67.25,45.0
Antônio Chiamuloira,32,79,9500000.0,0,3,9,15.0,2.31787072243346,25.75,153.3,60.6,66.75,70.0,51.625,58.0
Melvin Parrela,44,79,9500000.0,1,3,9,14.0,2.135909090909091,32.0,222.1,72.0,70.5,79.6,72.875,70.0
Gabri Prestão,72,79,9000000.0,1,3,9,12.0,2.3235588972431076,7.0,34.0,23.0,65.5,45.0,9.875,14.0
Luimo Boas Santos,160,79,12000000.0,1,4,9,11.0,2.400821917808219,33.0,241.7,72.4,83.25,66.4,51.75,67.0
T. Alexander-Arnold,114,79,17000000.0,1,4,30,14.0,2.248766328011611,41.0,186.6,74.8,78.25,72.4,71.25,67.5
L. Martínez,160,79,18000000.0,1,4,3,18.0,2.221292775665399,35.5,235.6,66.8,79.75,76.4,55.0,46.0
F. Chiesa,147,79,18500000.0,1,4,44,14.0,2.5072961373390554,41.0,217.0,72.8,83.5,71.4,58.375,55.0
Rúben Dias,29,79,15000000.0,1,4,69,6.0,2.258465286236297,23.0,135.1,50.8,62.25,75.4,58.25,35.5
S. Romero,72,80,9000000.0,1,3,3,1.0,2.2163030998851894,6.25,45.8,38.8,55.25,49.8,13.125,14.5
V. Birsa,25,80,13000000.0,0,4,72,10.0,2.2522167487684728,42.5,225.3,80.8,72.0,69.8,63.625,77.0
N. Nkoulou,29,80,12000000.0,1,3,12,18.0,2.3719844357976654,33.5,174.3,62.8,72.5,74.8,67.0,39.0
L. de Jong,160,80,16000000.0,1,3,52,19.0,2.180510440835267,34.0,254.1,69.6,62.25,71.2,62.25,65.5
J. Zoet,72,80,12500000.0,1,4,52,13.0,2.135909090909091,8.5,57.2,35.8,58.25,45.4,15.5,23.5
D. Blind,33,80,13500000.0,0,4,52,5.0,2.1489597780859917,40.0,197.2,81.2,67.75,77.2,72.875,59.0
R. Pereyra,83,80,15500000.0,1,4,3,7.0,2.3719844357976654,42.5,219.0,79.8,75.0,71.4,69.75,72.0
R. Rodríguez,74,80,15500000.0,0,3,77,13.0,2.009597924773022,42.5,211.3,78.0,74.75,75.4,73.5,83.5
G. Pezzella,29,80,14500000.0,1,3,3,2.0,2.2834975369458124,24.5,168.7,50.8,57.25,69.4,63.25,30.0
P. Kadeřábek,158,80,14000000.0,1,2,23,2.0,2.2522167487684728,42.0,174.4,69.6,76.0,77.4,73.375,53.0
T. Vaclík,72,80,11500000.0,1,3,23,1.0,2.216509433962264,7.75,55.5,32.0,44.25,50.0,17.125,14.5
Iñigo Martínez,29,80,14000000.0,0,2,74,4.0,2.3719844357976654,27.0,186.5,68.0,71.75,73.6,64.25,45.0
B. Davies,73,80,15000000.0,0,3,85,4.0,2.4,41.0,187.8,74.8,74.5,74.4,75.5,51.0
L. Paredes,60,80,19500000.0,1,4,3,5.0,2.0713903743315507,40.5,218.1,81.8,73.75,75.6,73.5,67.5
C. Bacca,160,80,13500000.0,1,2,21,7.0,2.009597924773022,36.0,237.4,67.6,74.5,70.2,58.0,69.0
Y. Poulsen,160,80,18500000.0,1,3,26,20.0,2.474871794871795,37.5,234.9,66.8,78.5,74.6,65.375,51.0
H. Çalhanoğlu,102,80,19000000.0,1,4,79,10.0,2.0,43.5,226.6,84.2,74.5,68.4,66.875,80.5
E. Can,60,80,19500000.0,1,4,36,23.0,2.2275274056029235,38.0,218.6,77.8,73.25,79.6,77.0,62.5
N. Aké,29,80,16500000.0,0,3,52,15.0,2.0713903743315507,33.5,180.1,70.0,74.0,72.8,66.75,53.5
J. Quintero,2,80,18000000.0,0,2,65,10.0,2.498360655737705,42.0,213.5,82.2,77.25,60.6,50.375,77.5
N. Tagliafico,73,80,15000000.0,0,2,3,3.0,2.6613251155624034,38.75,181.5,69.0,82.0,77.4,72.75,43.0
Gayà,73,80,16500000.0,0,3,74,3.0,2.6090634441087612,41.75,188.4,77.8,83.5,75.2,75.0,50.5
A. Christensen,29,80,18000000.0,1,3,26,6.0,2.314778325123153,29.75,119.2,63.0,68.75,70.6,57.125,29.0
F. Armani,72,80,9000000.0,1,2,65,1.0,2.135909090909091,9.75,60.5,31.2,49.5,46.0,16.75,18.0
Rafa,148,80,18500000.0,1,4,69,27.0,2.6090634441087612,42.75,202.3,75.2,88.25,65.0,56.375,57.5
M. Vecino,44,80,14500000.0,1,3,82,15.0,2.314778325123153,40.75,220.2,78.2,73.0,73.0,74.75,57.0
M. Acuña,78,80,14000000.0,0,3,75,9.0,2.5068214804063857,45.0,225.9,80.4,79.0,87.0,76.125,76.0
L. Fabiański,72,81,9000000.0,1,2,59,22.0,2.2951807228915664,7.5,51.8,28.8,55.0,48.0,14.375,17.0
D. Rose,79,81,14500000.0,0,3,30,3.0,2.3,42.0,200.5,71.2,78.0,78.6,74.625,57.0
E. Lamela,134,81,21000000.0,0,2,3,22.0,2.2917293233082705,43.0,237.3,81.2,75.75,76.4,62.75,77.5
S. Kjær,29,81,14000000.0,1,3,26,4.0,2.240286054827175,26.0,169.0,62.8,58.5,71.6,55.75,65.0
F. Muslera,72,81,10000000.0,1,2,82,1.0,2.5778078484438427,10.5,48.4,37.2,66.5,52.0,14.875,17.0
C. Stuani,160,81,16000000.0,1,3,82,11.0,2.5717059639389737,38.5,249.3,70.6,71.0,75.8,62.5,71.0
F. Smolov,160,81,18500000.0,1,4,67,11.0,2.355388471177945,35.25,245.7,74.0,80.5,71.0,55.75,71.5
S. Nzonzi,44,81,14000000.0,1,3,35,15.0,2.6147058823529417,33.25,195.0,76.2,53.25,74.6,75.0,48.5
A. Areola,72,81,17000000.0,1,3,35,23.0,2.082854100106496,8.5,58.4,31.2,59.0,51.2,16.5,20.5
J. Corona,136,81,21000000.0,1,5,32,17.0,2.7813204508856684,44.0,221.7,78.0,84.5,69.0,66.5,67.5
C. Aránguiz,60,81,17000000.0,1,4,14,20.0,2.434620886981402,39.75,213.6,81.2,73.0,78.2,73.875,76.0
G. Xhaka,60,81,22000000.0,0,2,77,10.0,2.258465286236297,37.25,205.7,81.4,55.25,77.0,72.125,70.0
L. Digne,73,81,18500000.0,0,3,35,12.0,2.062246278755074,41.25,201.4,76.8,74.5,76.2,74.5,71.0
J. Iličić,50,81,17000000.0,0,3,72,7.0,2.4144486692015206,42.25,238.3,80.4,71.75,66.4,59.625,81.0
João Mário,17,81,22500000.0,1,4,60,10.0,2.0876712328767124,42.0,212.9,79.8,74.0,73.2,71.125,66.5
V. Lindelöf,29,81,21000000.0,1,4,76,3.0,2.355388471177945,35.0,176.8,73.2,75.25,75.8,66.875,59.5
Dani Ceballos,65,81,25000000.0,1,3,74,21.0,2.180257510729614,41.75,196.2,80.8,75.5,74.4,73.875,59.0
Rúben Neves,55,81,24000000.0,1,3,60,5.0,1.9416040100250627,39.75,217.8,83.6,67.75,76.6,67.375,75.0
E. Bailly,29,81,19500000.0,1,3,24,2.0,2.404928664072633,29.25,160.5,58.0,74.25,75.4,64.0,44.5
M. Akanji,29,81,21000000.0,1,3,77,5.0,2.216509433962264,30.5,151.3,67.4,77.0,75.4,57.125,33.5
Laure Santeiro,16,81,17000000.0,0,5,9,8.0,2.7012698412698413,40.75,207.9,75.4,83.25,64.2,53.0,74.5
H. Herrera,55,82,22000000.0,1,4,32,16.0,2.5364771151178918,36.25,221.6,75.6,73.0,79.4,80.0,63.5
S. Mandanda,72,82,11000000.0,1,3,35,16.0,2.258465286236297,7.75,49.9,30.0,56.5,45.8,13.5,11.5
A. Guardado,60,82,19000000.0,0,2,47,18.0,2.536214605067064,41.0,208.9,83.4,77.75,75.6,72.375,75.5
O. Giroud,160,82,20000000.0,0,3,35,9.0,2.095982627578719,35.0,256.9,73.4,58.25,71.8,58.5,74.0
K. Strootman,44,82,18000000.0,0,3,52,16.0,2.3235588972431076,38.75,219.3,81.0,69.25,79.8,78.125,73.5
K. Glik,29,82,16500000.0,1,2,59,15.0,2.3872180451127822,21.0,123.1,47.8,53.5,74.6,52.625,32.5
T. Delaney,44,82,21500000.0,0,4,26,8.0,2.31787072243346,36.5,233.1,76.4,77.0,81.6,79.25,64.0
X. Shaqiri,153,82,24000000.0,0,4,77,23.0,2.360332871012483,43.75,223.7,83.2,81.25,76.4,60.375,74.5
Mário Fernandes,159,82,18500000.0,1,3,67,6.0,2.355388471177945,40.0,200.9,74.2,80.75,75.2,78.875,46.0
S. Coates,29,82,21000000.0,1,3,75,4.0,2.1235613463626497,21.25,150.4,58.2,54.0,72.4,66.25,42.0
J. Cillessen,72,82,18000000.0,1,3,52,1.0,2.2339759036144575,7.75,58.1,37.4,57.5,48.6,13.75,15.5
T. Meunier,125,82,21000000.0,1,4,7,15.0,2.121380846325167,41.0,239.7,76.6,74.5,75.4,79.375,60.5
H. Maguire,29,82,23500000.0,1,3,30,6.0,1.9342685370741484,29.5,179.9,64.6,56.0,75.6,71.0,45.0
A. Florenzi,129,82,20500000.0,1,3,44,16.0,2.5740685543964235,40.75,244.9,76.0,84.25,79.6,80.0,77.5
A. Milik,160,82,29500000.0,0,3,59,7.0,2.377179487179487,35.5,252.5,67.0,71.5,71.6,58.625,80.5
A. Rüdiger,29,82,22500000.0,1,3,36,16.0,2.2464622641509435,33.0,157.8,61.6,71.5,70.4,60.625,48.0
J. Lingard,146,82,26500000.0,1,3,30,7.0,2.822222222222222,41.5,237.5,78.2,83.75,77.0,69.5,67.0
J. Martínez,160,82,28500000.0,1,4,83,17.0,2.469956458635704,33.75,243.6,65.6,87.0,75.6,51.875,63.5
E. Forsberg,12,82,26000000.0,1,4,76,10.0,2.062246278755074,43.5,207.3,81.0,77.0,71.2,52.625,71.5
P. Zieliński,65,82,30000000.0,1,5,59,20.0,2.0713903743315507,42.5,220.4,82.4,80.25,68.6,74.375,58.0
D. Rugani,29,82,24500000.0,1,3,44,15.0,2.270560190703218,27.0,144.6,56.8,65.75,68.6,56.625,30.5
F. Bernardeschi,133,82,28000000.0,0,3,44,20.0,2.404928664072633,44.5,222.9,80.6,82.75,72.0,66.375,76.0
R. Jarstein,72,83,13000000.0,1,4,55,1.0,2.320341047503045,7.75,55.4,27.6,49.25,47.0,14.375,13.5
K. Schmeichel,72,83,15500000.0,1,3,26,1.0,2.1142857142857143,8.0,59.0,40.4,64.75,49.4,14.125,20.5
S. Sirigu,72,83,15500000.0,1,2,44,1.0,2.419047619047619,7.5,45.3,27.0,57.0,50.2,12.25,15.0
Sokratis,29,83,19000000.0,1,2,38,19.0,2.186556603773585,27.25,183.1,48.6,70.5,77.8,65.875,29.5
D. Payet,12,83,22500000.0,1,4,35,18.0,2.2731517509727626,44.75,231.8,85.4,75.25,73.2,57.5,78.0
Rui Patrício,72,83,16500000.0,0,2,60,1.0,2.270560190703218,8.5,58.9,31.6,62.5,56.2,14.0,24.0
G. Wijnaldum,60,83,26500000.0,1,3,52,8.0,2.543686502177068,39.75,228.0,80.4,79.75,79.6,75.375,72.0
B. Leno,72,83,22500000.0,1,3,36,12.0,2.2951807228915664,6.75,45.3,34.4,56.75,49.8,13.75,15.5
K. Casteels,72,83,21500000.0,0,2,7,13.0,2.2983758700696058,7.75,53.8,31.4,55.5,46.4,15.375,16.5
Pizzi,55,83,25500000.0,1,4,69,21.0,2.1137309292649102,41.25,224.2,83.4,78.25,75.0,73.75,76.0
Rodrigo,160,83,30500000.0,0,3,74,9.0,2.3719844357976654,40.5,246.3,75.0,86.25,72.8,61.0,72.0
Sergi Roberto,127,83,24500000.0,1,3,74,20.0,2.2411764705882353,43.25,197.2,81.4,76.5,75.0,74.5,58.5
F. Acerbi,29,83,19000000.0,0,3,44,13.0,2.1936363636363634,24.0,162.3,69.8,58.5,71.4,53.0,64.0
Nacho Fernández,34,83,23500000.0,1,4,74,12.0,2.033333333333333,32.25,143.6,65.4,72.0,75.2,59.375,41.0
Danilo Pereira,42,83,26000000.0,1,3,32,22.0,2.264578313253012,33.0,208.7,72.0,66.25,80.2,75.25,52.5
J. Draxler,69,83,32500000.0,1,5,36,7.0,2.4378728923476007,44.75,244.5,82.8,79.5,68.2,66.125,69.5
Suso,147,83,32000000.0,0,3,74,11.0,2.5072961373390554,45.0,221.5,84.2,81.0,63.2,51.875,76.0
T. Hazard,149,83,31000000.0,1,3,7,16.0,2.543686502177068,43.5,223.0,81.0,84.0,71.4,61.5,80.0
J. Stones,29,83,28500000.0,1,4,30,5.0,2.68898426323319,34.25,143.0,69.8,70.25,75.2,65.625,36.5
J. Pickford,72,83,25000000.0,0,4,30,1.0,2.404928664072633,8.25,65.2,47.2,58.75,53.8,18.0,28.5
A. Robertson,73,83,29000000.0,0,2,71,3.0,2.38125,42.25,178.7,74.0,82.5,78.4,73.375,42.5
L. Hernández,74,83,29500000.0,0,3,35,21.0,2.4,37.25,185.3,68.4,79.75,78.8,71.125,40.5
P. Kimpembe,29,83,30500000.0,0,3,35,3.0,2.355388471177945,31.5,145.7,68.4,76.5,79.4,60.625,41.0
Louri Beretta,163,83,28500000.0,1,3,9,9.0,2.264578313253012,34.75,258.4,62.2,75.25,68.4,55.125,72.0
Josué Chiamulera,29,83,22500000.0,1,3,9,4.0,2.3235588972431076,25.0,155.4,58.4,80.75,75.2,61.25,52.5
Ronaldo Cabrais,145,83,28000000.0,1,4,9,7.0,2.037433155080214,44.0,234.4,83.4,86.0,75.0,57.5,77.5
G. Donnarumma,72,83,33500000.0,1,3,44,22.0,2.1779510022271715,10.5,51.2,29.6,59.5,48.4,16.5,19.0
M. Rashford,169,83,37500000.0,1,4,30,11.0,2.652646638054363,42.0,243.8,76.4,88.25,77.6,61.0,77.0
M. de Ligt,29,83,31500000.0,1,4,52,3.0,2.1142857142857143,31.5,189.0,66.2,67.5,76.2,62.625,47.5
Falcao,160,84,25000000.0,1,4,21,9.0,2.1137309292649102,34.0,262.1,74.4,74.0,76.0,61.625,77.0
Y. Sommer,72,84,24000000.0,1,4,77,1.0,2.31787072243346,7.5,47.8,33.2,59.5,53.2,15.125,18.5
A. Sánchez,104,84,30500000.0,1,3,14,7.0,2.7404186795491143,42.5,247.7,79.4,84.0,80.8,61.875,76.0
I. Gündoğan,60,84,32000000.0,1,4,36,21.0,1.9416040100250627,41.75,220.1,85.0,74.5,75.2,74.625,75.0
K. Walker,114,84,24500000.0,1,2,30,2.0,2.6163090128755364,41.0,210.3,75.2,82.25,78.2,74.25,67.0
L. Hrádecký,72,84,22000000.0,1,3,34,1.0,2.2764150943396224,5.75,40.9,23.8,52.0,41.4,10.875,17.5
N. Otamendi,29,84,23000000.0,1,3,3,6.0,2.2522167487684728,26.75,194.7,64.0,65.0,76.0,67.25,42.0
Iago Aspas,172,84,30000000.0,0,3,74,17.0,2.6119225037257827,43.0,254.8,76.6,83.75,71.4,57.625,79.0
J. Cuadrado,140,84,29500000.0,1,3,21,11.0,2.1137309292649102,45.0,226.0,77.6,88.25,75.8,72.625,67.0
D. Alaba,74,84,30500000.0,0,4,5,8.0,2.033333333333333,41.5,231.7,79.6,81.75,76.2,78.25,81.5
S. de Vrij,29,84,31500000.0,1,4,52,14.0,2.4097435897435897,29.0,152.1,63.4,69.25,73.0,59.125,28.5
M. Depay,51,84,41000000.0,1,3,52,10.0,2.246923076923077,44.0,241.4,81.8,83.75,78.2,55.0,79.5
F. Thauvin,140,84,37000000.0,0,3,35,20.0,2.180257510729614,44.0,246.6,82.2,84.0,71.6,60.0,73.0
Pepe,29,85,9000000.0,1,3,32,33.0,2.314778325123153,27.0,161.6,57.0,70.25,73.2,62.25,52.0
V. Kompany,29,85,22000000.0,1,3,7,4.0,2.2464622641509435,32.0,178.7,65.8,62.0,72.0,62.625,57.5
B. Matuidi,44,85,26000000.0,0,2,35,14.0,2.0713903743315507,39.25,220.4,76.0,80.75,83.4,78.625,54.0
A. Witsel,44,85,30000000.0,1,4,7,6.0,2.314778325123153,38.75,237.1,81.2,75.5,80.8,78.5,75.5
A. Vidal,60,85,33000000.0,1,4,14,8.0,2.0713903743315507,39.75,253.0,81.2,71.75,82.6,83.75,74.5
J. Boateng,29,85,30000000.0,1,4,36,17.0,2.149665924276169,34.25,184.4,71.2,69.25,75.4,65.875,38.5
K. Manolas,29,85,36500000.0,1,2,38,4.0,2.264578313253012,21.25,100.1,47.6,79.25,77.0,56.125,18.0
Koke,87,85,41500000.0,1,4,74,8.0,2.3715832205683354,43.0,224.3,86.6,75.0,82.2,76.25,67.5
Carvajal,114,85,36500000.0,1,3,74,2.0,2.366027397260274,42.0,166.1,77.0,82.5,82.4,77.75,46.0
Saúl,68,85,50500000.0,0,4,74,6.0,2.3719844357976654,38.75,248.9,81.4,76.25,76.8,79.5,57.5
D. Alli,0,85,51500000.0,1,3,30,20.0,2.355388471177945,40.0,252.2,82.2,77.75,78.8,78.625,71.0
L. Bonucci,29,86,30000000.0,1,3,44,19.0,2.2464622641509435,29.25,193.0,73.4,66.5,74.8,62.25,65.5
Azpilicueta,115,86,35000000.0,1,3,74,14.0,2.0,38.5,189.1,76.0,78.0,78.2,75.125,62.0
W. Szczęsny,72,86,37000000.0,1,3,59,1.0,2.1779510022271715,6.25,49.6,30.8,58.75,53.2,14.5,16.0
T. Müller,23,86,45000000.0,1,4,36,13.0,2.4788770053475937,40.0,259.6,80.6,78.5,73.4,69.375,59.5
R. Lukaku,160,86,55000000.0,0,3,7,9.0,2.0287539936102235,39.0,255.6,73.4,77.75,75.0,58.125,72.0
M. Verratti,60,86,55000000.0,1,4,44,6.0,2.7562604340567614,42.5,188.4,85.4,76.5,81.4,76.125,64.0
R. Varane,29,86,50000000.0,1,3,35,4.0,2.3460591133004924,24.25,164.9,66.0,78.5,71.6,65.0,48.5
J. Kimmich,118,86,45000000.0,1,4,36,18.0,2.5072961373390554,44.25,223.4,83.0,79.0,80.4,79.375,52.5
Bernardo Silva,11,86,59500000.0,0,3,60,11.0,2.69875,46.25,215.0,84.8,83.75,74.4,65.25,67.5
L. Sané,101,86,61000000.0,0,3,36,19.0,2.4449197860962566,44.75,249.9,78.6,89.5,74.2,59.125,76.5
R. Sterling,148,87,62000000.0,1,3,30,10.0,2.469956458635704,43.5,217.7,78.2,92.0,68.0,68.125,66.0
H. Lloris,72,88,36000000.0,0,1,35,1.0,2.2894031668696715,6.25,46.4,35.0,66.75,46.8,15.5,25.0
G. Bale,151,88,60000000.0,0,3,85,11.0,2.258465286236297,45.5,270.2,83.8,89.0,74.2,70.0,81.5
M. Hummels,29,88,46000000.0,1,3,36,5.0,2.0684039087947883,34.5,196.8,78.2,66.25,74.0,72.75,60.5
M. Reus,15,88,58000000.0,1,4,36,11.0,2.1761235955056177,44.25,251.0,85.4,86.0,72.2,66.25,86.5
N. Kanté,44,89,63000000.0,1,3,35,13.0,2.3251040221914008,37.75,200.7,75.2,83.75,88.0,80.25,51.5
G. Chiellini,29,90,31000000.0,0,3,44,3.0,2.216509433962264,30.0,166.9,57.0,68.5,77.0,59.625,40.5
Sergio Ramos,29,90,44000000.0,1,3,74,15.0,2.2275274056029235,34.25,224.8,77.8,79.25,81.4,77.75,77.0
D. Godín,29,90,44000000.0,1,3,82,3.0,2.4097435897435897,28.0,178.6,65.2,67.25,75.8,68.5,50.5
T. Kroos,55,90,76500000.0,1,5,36,8.0,2.4,43.75,238.0,90.2,71.25,73.4,75.0,78.5
R. Lewandowski,160,90,77000000.0,1,4,59,9.0,2.2917293233082705,38.75,272.4,78.2,80.75,81.4,62.25,86.0
J. Oblak,72,90,68000000.0,1,3,72,1.0,2.157979334098737,6.75,49.6,29.8,64.0,54.4,15.0,12.5
H. Kane,160,90,96500000.0,1,4,30,9.0,2.1142857142857143,40.25,273.9,81.6,75.5,83.0,67.125,79.0
L. Suárez,160,91,80000000.0,1,4,82,9.0,2.1215777262180975,42.25,270.4,81.8,82.5,85.6,69.25,84.5
E. Hazard,103,91,93000000.0,1,4,7,10.0,2.2666666666666666,46.0,242.6,87.6,91.75,77.6,59.0,82.5
K. De Bruyne,3,91,102000000.0,1,5,7,7.0,2.2165951359084404,46.75,250.3,90.6,81.0,81.4,73.25,81.0
De Gea,72,91,72000000.0,1,3,74,1.0,2.533333333333333,9.25,57.7,45.6,66.75,51.6,17.125,29.5
Neymar Jr,102,92,108000000.0,1,5,9,10.0,2.5773529411764704,47.25,248.1,87.0,93.5,72.8,59.5,84.0
Cristiano Ronaldo,168,94,77000000.0,1,4,60,7.0,2.264578313253012,45.5,286.0,83.0,90.75,79.0,61.375,80.5
